{"cm": {"ptr": {"insert": [320.0, 544.6666666666666, 954.0, 1831.6666666666667, 3256.0], "insert_many": [318.0, 394.3333333333333, 481.6666666666667, 781.6666666666666, 1327.3333333333333], "insert_many_par": [612.3333333333334, 447.0, 480.0, 662.6666666666666, 1822.3333333333333], "get": [30.666666666666668, 52.666666666666664, 82.66666666666667, 171.0, 380.3333333333333], "get_parallel": [2.2833333333333337, 4.496666666666667, 7.080000000000001, 15.63, 34.93], "remove": [383.0, 542.0, 975.0, 1796.0, 3208.3333333333335]}, "str": {"insert": [10450.333333333334, 11506.0, 18151.333333333332, 36501.333333333336, 48975.666666666664], "insert_many": [5399.0, 5721.666666666667, 7754.333333333333, 9389.333333333334, 10974.0], "insert_many_par": [2302.3333333333335, 2543.3333333333335, 3187.6666666666665, 3995.6666666666665, 7913.333333333333], "get": [82.0, 129.66666666666666, 316.0, 799.3333333333334, 1403.0], "get_parallel": [6.353333333333333, 11.246666666666668, 26.349999999999998, 61.39666666666667, 105.56333333333333], "remove": [10712.666666666666, 11464.0, 15832.0, 28358.333333333332, 40096.333333333336]}}, "hm": {"ptr": {"insert": [16.0, 17.666666666666668, 22.0, 30.0, 73.0], "insert_many": [53.666666666666664, 43.333333333333336, 39.333333333333336, 57.666666666666664, 72.33333333333333], "insert_many_par": [389.6666666666667, 73.33333333333333, 47.0, 72.66666666666667, 83.33333333333333], "get": [12.0, 13.666666666666666, 21.0, 63.666666666666664, 94.0], "get_parallel": [1.3566666666666667, 1.4933333333333334, 2.3433333333333333, 6.326666666666667, 9.696666666666665], "remove": [19.333333333333332, 21.0, 31.0, 85.66666666666667, 128.0]}, "str": {"insert": [32.0, 34.0, 58.0, 73.0, 121.66666666666667], "insert_many": [111.0, 109.33333333333333, 140.33333333333334, 272.6666666666667, 282.6666666666667], "insert_many_par": [386.3333333333333, 159.0, 204.33333333333334, 377.6666666666667, 384.0], "get": [31.0, 43.0, 85.66666666666667, 133.66666666666666, 179.0], "get_parallel": [2.8800000000000003, 3.8033333333333332, 8.33, 14.843333333333334, 18.89333333333333], "remove": [66.0, 68.66666666666667, 99.0, 161.0, 200.66666666666666]}}, "btm": {"ptr": {"insert": [64.0, 82.33333333333333, 123.33333333333333, 253.0, 476.3333333333333], "insert_many": [60.666666666666664, 75.0, 103.0, 178.66666666666666, 359.6666666666667], "insert_many_par": [295.3333333333333, 97.66666666666667, 95.66666666666667, 144.0, 194.0], "get": [37.0, 60.0, 93.0, 191.66666666666666, 380.6666666666667], "get_parallel": [3.246666666666666, 5.13, 8.076666666666666, 17.426666666666666, 30.833333333333332], "remove": [78.66666666666667, 88.66666666666667, 133.66666666666666, 300.0, 527.6666666666666]}, "str": {"insert": [101.33333333333333, 164.33333333333334, 384.3333333333333, 808.0, 1310.6666666666667], "insert_many": [107.33333333333333, 142.0, 308.6666666666667, 630.3333333333334, 1082.0], "insert_many_par": [426.0, 177.33333333333334, 268.3333333333333, 437.0, 517.6666666666666], "get": [64.0, 110.33333333333333, 267.0, 581.6666666666666, 1046.3333333333333], "get_parallel": [6.083333333333333, 11.269999999999998, 26.396666666666665, 52.57333333333333, 91.51666666666667], "remove": [134.0, 175.0, 419.6666666666667, 805.0, 1290.3333333333333]}}, "oc": {"ptr": {"insert": [132.64000000000001, 325.22700000000003, 710.652, 1654.4099999999999, 2630.9466666666667], "insert_many": [101.24833333333333, 242.41633333333334, 228.4216666666667, 309.449, 458.42633333333333], "insert_many_par": [0.0, 0.0, 0.0, 0.0, 0.0], "get": [65.29809999999999, 92.9017, 168.97633333333332, 378.94866666666667, 602.3546666666666], "get_parallel": [0.0, 0.0, 0.0, 0.0, 0.0], "remove": [122.38833333333332, 220.577, 712.2953333333334, 1664.45, 2561.91]}, "str": {"insert": [176.58900000000003, 432.8966666666667, 1246.55, 2617.713333333333, 3869.64], "insert_many": [141.77966666666666, 309.45133333333337, 334.6356666666666, 407.3243333333333, 489.08099999999996], "insert_many_par": [0.0, 0.0, 0.0, 0.0, 0.0], "get": [105.855, 160.7346666666667, 332.5826666666666, 840.4966666666666, 1340.3633333333335], "get_parallel": [0.0, 0.0, 0.0, 0.0, 0.0], "remove": [152.26999999999998, 302.60066666666665, 1110.62, 2269.86, 3322.5066666666667]}}}