{"cm": {"ptr": {"insert": [387.3333333333333, 589.6666666666666, 816.0, 1396.0, 2449.3333333333335], "insert_many": [98.0, 115.0, 123.33333333333333, 179.66666666666666, 297.3333333333333], "insert_many_par": [45.333333333333336, 49.0, 48.0, 79.66666666666667, 1004.3333333333334], "get": [8.0, 17.0, 29.666666666666668, 54.333333333333336, 185.33333333333334], "get_parallel": [2.1933333333333334, 4.553333333333334, 8.133333333333333, 15.086666666666666, 52.70333333333334], "remove": [207.33333333333334, 414.3333333333333, 650.6666666666666, 1314.0, 2378.0]}, "str": {"insert": [2881.0, 3116.6666666666665, 8117.333333333333, 14552.666666666666, 17886.0], "insert_many": [472.6666666666667, 552.6666666666666, 1545.3333333333333, 3179.6666666666665, 3474.0], "insert_many_par": [126.33333333333333, 171.0, 251.66666666666666, 380.3333333333333, 1375.3333333333333], "get": [88.33333333333333, 131.33333333333334, 224.0, 874.3333333333334, 1759.3333333333333], "get_parallel": [22.563333333333333, 35.980000000000004, 60.336666666666666, 230.83333333333334, 463.42333333333335], "remove": [3021.3333333333335, 3301.0, 8039.333333333333, 14323.333333333334, 17592.666666666668]}}, "cow": {"ptr": {"insert": [], "insert_many": [], "insert_many_par": [], "get": [], "get_parallel": [], "remove": []}, "str": {"insert": [], "insert_many": [], "insert_many_par": [], "get": [], "get_parallel": [], "remove": []}}, "hm": {"ptr": {"insert": [], "insert_many": [], "insert_many_par": [], "get": [], "get_parallel": [], "remove": []}, "str": {"insert": [], "insert_many": [], "insert_many_par": [], "get": [], "get_parallel": [], "remove": []}}, "btm": {"ptr": {"insert": [], "insert_many": [], "insert_many_par": [], "get": [], "get_parallel": [], "remove": []}, "str": {"insert": [], "insert_many": [], "insert_many_par": [], "get": [], "get_parallel": [], "remove": []}}, "oc": {"ptr": {"insert": [], "insert_many": [], "insert_many_par": [], "get": [], "get_parallel": [], "remove": []}, "str": {"insert": [], "insert_many": [], "insert_many_par": [], "get": [], "get_parallel": [], "remove": []}}}