{"cm": {"ptr": {"insert": [404.0, 565.0, 765.0, 1079.0, 1946.3333333333333], "insert_many": [120.0, 136.0, 136.0, 229.33333333333334, 408.6666666666667], "insert_many_par": [50.666666666666664, 46.666666666666664, 53.333333333333336, 111.33333333333333, 1942.6666666666667], "get": [7.666666666666667, 19.666666666666668, 32.0, 64.33333333333333, 204.66666666666666], "get_parallel": [2.11, 5.466666666666666, 8.93, 18.013333333333332, 60.25], "remove": [201.0, 369.3333333333333, 585.3333333333334, 967.3333333333334, 1905.0]}, "str": {"insert": [1523.0, 1742.0, 4511.333333333333, 7968.333333333333, 10076.0], "insert_many": [506.0, 569.6666666666666, 1588.6666666666667, 3265.6666666666665, 3530.3333333333335], "insert_many_par": [148.33333333333334, 163.0, 252.33333333333334, 403.6666666666667, 2307.3333333333335], "get": [80.66666666666667, 126.33333333333333, 209.66666666666666, 843.3333333333334, 1663.3333333333333], "get_parallel": [21.736666666666668, 35.95, 59.57666666666666, 231.28666666666666, 454.19], "remove": [1585.3333333333333, 1835.0, 4617.0, 8191.333333333333, 10358.333333333334]}}, "cow": {"ptr": {"insert": [], "insert_many": [], "insert_many_par": [], "get": [], "get_parallel": [], "remove": []}, "str": {"insert": [], "insert_many": [], "insert_many_par": [], "get": [], "get_parallel": [], "remove": []}}, "hm": {"ptr": {"insert": [], "insert_many": [], "insert_many_par": [], "get": [], "get_parallel": [], "remove": []}, "str": {"insert": [], "insert_many": [], "insert_many_par": [], "get": [], "get_parallel": [], "remove": []}}, "btm": {"ptr": {"insert": [], "insert_many": [], "insert_many_par": [], "get": [], "get_parallel": [], "remove": []}, "str": {"insert": [], "insert_many": [], "insert_many_par": [], "get": [], "get_parallel": [], "remove": []}}, "oc": {"ptr": {"insert": [], "insert_many": [], "insert_many_par": [], "get": [], "get_parallel": [], "remove": []}, "str": {"insert": [], "insert_many": [], "insert_many_par": [], "get": [], "get_parallel": [], "remove": []}}}