{"cm": {"ptr": {"insert": [863.3333333333334, 1740.3333333333333, 2864.6666666666665, 4384.666666666667, 6529.333333333333], "insert_many": [658.3333333333334, 929.6666666666666, 1006.0, 1204.0, 1665.3333333333333], "insert_many_par": [1820.6666666666667, 1627.6666666666667, 1932.3333333333333, 2323.0, 3066.3333333333335], "get": [24.333333333333332, 43.666666666666664, 80.33333333333333, 168.33333333333334, 368.3333333333333], "get_parallel": [1.6333333333333335, 2.723333333333334, 6.423333333333333, 12.953333333333333, 35.653333333333336], "remove": [903.3333333333334, 1694.0, 2940.6666666666665, 4408.333333333333, 6623.0]}, "str": {"insert": [25651.0, 27782.333333333332, 33867.0, 48133.333333333336, 61132.666666666664], "insert_many": [12799.333333333334, 12974.666666666666, 14786.0, 15879.333333333334, 17085.333333333332], "insert_many_par": [9063.0, 10905.666666666666, 11916.666666666666, 12904.666666666666, 16595.0], "get": [173.0, 260.6666666666667, 421.6666666666667, 878.3333333333334, 1503.6666666666667], "get_parallel": [11.03, 17.16, 25.573333333333334, 64.11000000000001, 116.03666666666668], "remove": [25978.0, 27938.0, 33345.0, 43831.0, 55770.0]}}, "hm": {"ptr": {"insert": [41.666666666666664, 42.666666666666664, 52.666666666666664, 44.666666666666664, 72.0], "insert_many": [105.33333333333333, 84.66666666666667, 79.33333333333333, 105.33333333333333, 103.0], "insert_many_par": [978.3333333333334, 142.33333333333334, 87.66666666666667, 112.66666666666667, 112.33333333333333], "get": [32.0, 32.0, 34.0, 55.333333333333336, 94.33333333333333], "get_parallel": [2.5, 2.5633333333333335, 2.8033333333333332, 4.42, 9.343333333333334], "remove": [43.0, 43.666666666666664, 44.0, 55.333333333333336, 89.66666666666667]}, "str": {"insert": [74.33333333333333, 74.33333333333333, 91.66666666666667, 87.66666666666667, 130.33333333333334], "insert_many": [376.0, 157.0, 155.0, 291.0, 300.6666666666667], "insert_many_par": [1643.3333333333333, 243.66666666666666, 181.33333333333334, 360.3333333333333, 404.6666666666667], "get": [55.333333333333336, 58.0, 72.66666666666667, 137.0, 185.66666666666666], "get_parallel": [4.54, 5.046666666666667, 7.053333333333334, 18.523333333333333, 23.429999999999996], "remove": [178.33333333333334, 173.33333333333334, 175.0, 203.0, 255.0]}}, "btm": {"ptr": {"insert": [145.66666666666666, 186.66666666666666, 241.0, 388.3333333333333, 614.6666666666666], "insert_many": [147.66666666666666, 172.0, 213.33333333333334, 297.0, 477.0], "insert_many_par": [832.6666666666666, 222.33333333333334, 201.0, 252.0, 330.0], "get": [76.0, 108.0, 149.0, 242.66666666666666, 438.6666666666667], "get_parallel": [3.81, 5.55, 8.113333333333335, 14.54, 31.736666666666668], "remove": [159.33333333333334, 178.33333333333334, 230.66666666666666, 399.6666666666667, 634.0]}, "str": {"insert": [250.33333333333334, 336.3333333333333, 569.6666666666666, 1072.3333333333333, 1583.6666666666667], "insert_many": [245.0, 305.3333333333333, 443.6666666666667, 836.0, 1274.0], "insert_many_par": [836.3333333333334, 385.0, 433.3333333333333, 707.3333333333334, 952.3333333333334], "get": [157.66666666666666, 232.66666666666666, 380.6666666666667, 799.0, 1204.6666666666667], "get_parallel": [12.01, 19.12, 29.76, 65.35, 111.20333333333333], "remove": [349.0, 398.6666666666667, 604.0, 1044.0, 1566.3333333333333]}}, "oc": {"ptr": {"insert": [258.20733333333334, 588.3296666666666, 1033.6566666666668, 1866.7633333333333, 3109.5533333333333], "insert_many": [223.79566666666668, 482.82933333333335, 450.1216666666666, 505.356, 586.266], "insert_many_par": [0.0, 0.0, 0.0, 0.0, 0.0], "get": [122.693, 171.70700000000002, 243.11866666666666, 406.026, 669.2996666666667], "get_parallel": [0.0, 0.0, 0.0, 0.0, 0.0], "remove": [236.59066666666664, 399.1286666666667, 893.379, 1785.7333333333333, 3035.603333333333]}, "str": {"insert": [398.9536666666666, 818.658, 1442.2066666666667, 3036.976666666667, 4593.776666666667], "insert_many": [365.4956666666667, 687.0266666666666, 714.7186666666666, 852.406, 1042.0166666666667], "insert_many_par": [0.0, 0.0, 0.0, 0.0, 0.0], "get": [242.94466666666668, 344.9676666666667, 502.62100000000004, 954.6149999999999, 1552.9433333333334], "get_parallel": [0.0, 0.0, 0.0, 0.0, 0.0], "remove": [334.81933333333336, 564.13, 1293.0433333333333, 2592.6233333333334, 3825.486666666666]}}}