{"cm": {"ptr": {"insert": [566.6666666666666, 829.6666666666666, 1285.3333333333333, 2278.0, 4121.666666666667], "insert_many": [447.0, 559.6666666666666, 611.0, 969.6666666666666, 1373.3333333333333], "insert_many_par": [617.3333333333334, 363.0, 361.3333333333333, 569.3333333333334, 5869.0], "get": [38.666666666666664, 65.66666666666667, 111.66666666666667, 224.66666666666666, 471.6666666666667], "get_parallel": [9.113333333333335, 16.673333333333332, 28.623333333333335, 60.72333333333333, 112.56333333333333], "remove": [744.0, 711.0, 1307.6666666666667, 2328.6666666666665, 4064.3333333333335]}, "str": {"insert": [14866.0, 16078.0, 20962.333333333332, 33539.333333333336, 47392.0], "insert_many": [7699.666666666667, 7634.333333333333, 9113.0, 10124.0, 11171.0], "insert_many_par": [2043.3333333333333, 1936.0, 1938.3333333333333, 3130.6666666666665, 19940.666666666668], "get": [113.33333333333333, 199.33333333333334, 383.0, 866.3333333333334, 1531.6666666666667], "get_parallel": [25.52666666666667, 45.666666666666664, 93.24333333333334, 192.62333333333333, 318.42], "remove": [15332.0, 16876.333333333332, 19786.666666666668, 29758.666666666668, 41578.0]}}, "hm": {"ptr": {"insert": [27.0, 29.666666666666668, 32.0, 34.0, 86.0], "insert_many": [95.0, 61.0, 54.0, 78.33333333333333, 108.33333333333333], "insert_many_par": [423.6666666666667, 130.66666666666666, 76.0, 107.33333333333333, 137.66666666666666], "get": [16.0, 18.333333333333332, 23.333333333333332, 65.0, 97.0], "get_parallel": [5.883333333333333, 6.136666666666667, 8.013333333333334, 17.573333333333334, 25.830000000000002], "remove": [26.666666666666668, 25.333333333333332, 31.0, 62.333333333333336, 130.66666666666666]}, "str": {"insert": [41.666666666666664, 43.333333333333336, 76.33333333333333, 76.33333333333333, 162.66666666666666], "insert_many": [158.0, 149.66666666666666, 165.33333333333334, 329.6666666666667, 350.3333333333333], "insert_many_par": [520.6666666666666, 235.66666666666666, 259.0, 451.0, 493.0], "get": [37.0, 43.333333333333336, 87.33333333333333, 136.66666666666666, 208.33333333333334], "get_parallel": [11.283333333333333, 13.806666666666667, 27.376666666666665, 38.22333333333333, 47.44], "remove": [80.66666666666667, 74.66666666666667, 133.0, 170.0, 247.0]}}, "btm": {"ptr": {"insert": [102.0, 95.0, 157.33333333333334, 290.0, 463.0], "insert_many": [101.0, 90.0, 132.0, 215.0, 390.0], "insert_many_par": [422.0, 140.66666666666666, 137.66666666666666, 163.66666666666666, 211.66666666666666], "get": [35.333333333333336, 70.0, 104.66666666666667, 236.0, 400.6666666666667], "get_parallel": [9.44, 17.043333333333333, 24.713333333333335, 47.89000000000001, 75.06666666666666], "remove": [177.66666666666666, 96.0, 165.33333333333334, 316.3333333333333, 480.3333333333333]}, "str": {"insert": [188.33333333333334, 234.0, 508.3333333333333, 932.3333333333334, 1474.0], "insert_many": [150.66666666666666, 228.66666666666666, 371.0, 727.0, 1208.6666666666667], "insert_many_par": [530.0, 281.0, 379.6666666666667, 553.3333333333334, 714.3333333333334], "get": [101.0, 163.33333333333334, 358.3333333333333, 693.0, 1241.3333333333333], "get_parallel": [27.74333333333333, 45.73666666666667, 93.69333333333334, 176.4, 291.81666666666666], "remove": [284.6666666666667, 242.0, 494.3333333333333, 865.0, 1421.3333333333333]}}, "oc": {"ptr": {"insert": [184.61533333333333, 469.3906666666667, 828.8423333333334, 1698.6366666666665, 2768.343333333333], "insert_many": [147.899, 328.4533333333333, 307.51466666666664, 391.51066666666674, 557.3956666666667], "insert_many_par": [0.0, 0.0, 0.0, 0.0, 0.0], "get": [85.76973333333335, 127.97533333333332, 223.46900000000002, 452.2203333333334, 739.283], "get_parallel": [0.0, 0.0, 0.0, 0.0, 0.0], "remove": [157.19733333333332, 286.1816666666667, 796.4886666666666, 1647.7399999999998, 2727.9633333333336]}, "str": {"insert": [272.5126666666667, 626.9136666666667, 1415.5066666666664, 2820.656666666667, 4588.856666666667], "insert_many": [219.90166666666667, 424.54400000000004, 456.346, 557.4936666666666, 695.151], "insert_many_par": [0.0, 0.0, 0.0, 0.0, 0.0], "get": [159.488, 262.26966666666664, 470.89466666666664, 1085.8266666666666, 1767.5733333333335], "get_parallel": [0.0, 0.0, 0.0, 0.0, 0.0], "remove": [224.35166666666666, 438.9843333333333, 1232.1666666666665, 2485.2633333333333, 4068.6133333333332]}}}