{"cm": {"ptr": {"insert": [945.6666666666666, 1448.3333333333333, 2503.3333333333335, 4257.0, 7928.0], "insert_many": [805.3333333333334, 1029.0, 1144.0, 1556.6666666666667, 2207.3333333333335], "insert_many_par": [608.6666666666666, 639.0, 654.3333333333334, 924.3333333333334, 5884.666666666667], "get": [67.0, 139.33333333333334, 257.0, 505.0, 978.0], "get_parallel": [9.976666666666667, 22.41, 40.160000000000004, 82.18, 150.37666666666667], "remove": [972.0, 1509.0, 2593.0, 4350.333333333333, 9523.0]}, "str": {"insert": [6439.666666666667, 7550.0, 13326.666666666666, 18478.666666666668, 27986.0], "insert_many": [3556.6666666666665, 4008.0, 7718.666666666667, 9944.0, 13314.333333333334], "insert_many_par": [1172.3333333333333, 1319.6666666666667, 1850.6666666666667, 2332.6666666666665, 7642.333333333333], "get": [211.66666666666666, 415.0, 825.3333333333334, 1734.3333333333333, 2988.0], "get_parallel": [34.61000000000001, 64.82666666666667, 137.29999999999998, 281.03333333333336, 477.3766666666667], "remove": [6575.333333333333, 7554.333333333333, 13409.0, 18578.666666666668, 29403.666666666668]}}, "cow": {"ptr": {"insert": [317.0, 513.0, 871.3333333333334, 1755.3333333333333, 3796.0], "insert_many": [348.0, 538.0, 914.6666666666666, 1827.6666666666667, 3680.0], "insert_many_par": [671.3333333333334, 684.3333333333334, 745.3333333333334, 946.0, 1302.3333333333333], "get": [71.33333333333333, 143.33333333333334, 264.0, 529.6666666666666, 1027.6666666666667], "get_parallel": [10.086666666666666, 22.61, 41.51333333333333, 86.52333333333333, 157.0633333333333], "remove": [279.3333333333333, 434.6666666666667, 763.6666666666666, 1576.6666666666667, 3168.6666666666665]}, "str": {"insert": [560.3333333333334, 1060.3333333333333, 2046.0, 3764.3333333333335, 6897.666666666667], "insert_many": [602.0, 1059.0, 1975.0, 3777.3333333333335, 6677.0], "insert_many_par": [1188.0, 1407.6666666666667, 2073.0, 2630.6666666666665, 3534.3333333333335], "get": [218.33333333333334, 417.6666666666667, 826.6666666666666, 1754.0, 3056.0], "get_parallel": [35.153333333333336, 66.85000000000001, 136.64666666666668, 286.14000000000004, 487.36999999999995], "remove": [532.0, 994.6666666666666, 1955.6666666666667, 3557.6666666666665, 6197.333333333333]}}, "hm": {"ptr": {"insert": [49.0, 50.333333333333336, 65.33333333333333, 71.66666666666667, 152.66666666666666], "insert_many": [146.33333333333334, 124.0, 103.66666666666667, 165.0, 215.33333333333334], "insert_many_par": [435.6666666666667, 140.0, 112.66666666666667, 172.0, 219.33333333333334], "get": [31.0, 37.0, 46.333333333333336, 127.0, 144.66666666666666], "get_parallel": [6.82, 7.896666666666666, 10.803333333333333, 22.09, 31.863333333333333], "remove": [43.333333333333336, 43.333333333333336, 61.0, 98.66666666666667, 197.33333333333334]}, "str": {"insert": [130.0, 140.0, 217.33333333333334, 325.3333333333333, 441.3333333333333], "insert_many": [378.0, 340.0, 468.6666666666667, 782.0, 853.0], "insert_many_par": [584.6666666666666, 390.3333333333333, 507.3333333333333, 800.3333333333334, 880.0], "get": [112.33333333333333, 126.66666666666667, 218.33333333333334, 284.0, 360.6666666666667], "get_parallel": [21.59, 23.936666666666667, 36.26, 44.95666666666667, 55.15333333333333], "remove": [174.66666666666666, 185.0, 395.0, 550.6666666666666, 693.0]}}, "btm": {"ptr": {"insert": [139.33333333333334, 176.66666666666666, 252.66666666666666, 471.6666666666667, 745.0], "insert_many": [136.33333333333334, 162.33333333333334, 234.66666666666666, 372.0, 630.3333333333334], "insert_many_par": [354.6666666666667, 160.33333333333334, 169.33333333333334, 223.66666666666666, 286.6666666666667], "get": [80.66666666666667, 136.66666666666666, 207.0, 404.3333333333333, 657.3333333333334], "get_parallel": [12.426666666666668, 23.159999999999997, 34.47, 65.73666666666666, 101.33999999999999], "remove": [187.33333333333334, 200.0, 266.6666666666667, 518.3333333333334, 770.0]}, "str": {"insert": [275.6666666666667, 435.6666666666667, 834.3333333333334, 1513.3333333333333, 2417.3333333333335], "insert_many": [256.0, 386.0, 698.6666666666666, 1304.3333333333333, 2129.6666666666665], "insert_many_par": [423.3333333333333, 367.0, 545.0, 755.3333333333334, 1009.3333333333334], "get": [198.66666666666666, 334.6666666666667, 656.3333333333334, 1266.3333333333333, 2101.6666666666665], "get_parallel": [36.6, 60.56333333333333, 125.36000000000001, 238.51666666666665, 385.3766666666667], "remove": [331.6666666666667, 426.6666666666667, 848.3333333333334, 1500.3333333333333, 2373.0]}}, "oc": {"ptr": {"insert": [383.695, 992.6093333333333, 1717.7233333333334, 3124.1866666666665, 5114.793333333334], "insert_many": [301.36100000000005, 715.7246666666666, 630.1553333333333, 773.9526666666667, 1065.1333333333334], "insert_many_par": [0.0, 0.0, 0.0, 0.0, 0.0], "get": [179.86033333333333, 276.26166666666666, 449.8023333333333, 825.7793333333333, 1241.1666666666667], "get_parallel": [0.0, 0.0, 0.0, 0.0, 0.0], "remove": [341.177, 623.9256666666666, 1553.38, 2987.043333333333, 4815.783333333334]}, "str": {"insert": [513.633, 1206.55, 2412.2166666666667, 4641.256666666667, 7348.43], "insert_many": [422.637, 852.4816666666667, 844.3519999999999, 1034.2566666666667, 1261.3266666666666], "insert_many_par": [0.0, 0.0, 0.0, 0.0, 0.0], "get": [306.002, 513.1163333333334, 887.8293333333332, 1792.3666666666666, 2742.2533333333336], "get_parallel": [0.0, 0.0, 0.0, 0.0, 0.0], "remove": [430.66333333333336, 854.1823333333333, 2140.6666666666665, 4072.6133333333332, 6434.076666666667]}}}