{"cm": {"ptr": {"insert": [982.6666666666666, 1517.3333333333333, 2961.6666666666665, 4775.333333333333, 9529.333333333334], "insert_many": [462.6666666666667, 578.3333333333334, 658.6666666666666, 780.3333333333334, 985.0], "insert_many_par": [473.0, 413.6666666666667, 430.0, 501.3333333333333, 1769.0], "get": [82.66666666666667, 134.0, 236.33333333333334, 414.6666666666667, 823.3333333333334], "get_parallel": [11.783333333333333, 21.203333333333333, 35.89333333333333, 68.15333333333335, 133.31000000000003], "remove": [1011.3333333333334, 1499.3333333333333, 2795.0, 4785.333333333333, 11750.0]}, "str": {"insert": [22741.0, 24026.0, 42623.0, 56470.666666666664, 82525.66666666667], "insert_many": [3401.3333333333335, 3881.6666666666665, 7593.333333333333, 9899.0, 12727.0], "insert_many_par": [807.0, 1101.3333333333333, 1688.3333333333333, 2022.0, 3666.3333333333335], "get": [229.33333333333334, 393.3333333333333, 772.3333333333334, 1559.0, 2739.0], "get_parallel": [36.666666666666664, 61.73333333333333, 128.98333333333335, 254.08, 436.89000000000004], "remove": [22948.333333333332, 24025.666666666668, 42038.666666666664, 55706.0, 84659.0]}}, "cow": {"ptr": {"insert": [286.3333333333333, 470.6666666666667, 852.3333333333334, 1606.0, 3318.0], "insert_many": [293.6666666666667, 521.3333333333334, 910.6666666666666, 1668.3333333333333, 3424.0], "insert_many_par": [493.6666666666667, 489.3333333333333, 520.3333333333334, 666.0, 1023.6666666666666], "get": [82.66666666666667, 133.0, 236.33333333333334, 422.3333333333333, 884.0], "get_parallel": [11.083333333333334, 21.663333333333338, 37.38, 72.95333333333333, 147.89], "remove": [271.3333333333333, 418.0, 756.3333333333334, 1471.6666666666667, 2716.6666666666665]}, "str": {"insert": [483.6666666666667, 941.0, 1889.6666666666667, 3497.3333333333335, 6381.666666666667], "insert_many": [477.6666666666667, 960.3333333333334, 1883.3333333333333, 3520.6666666666665, 6346.666666666667], "insert_many_par": [834.0, 1241.3333333333333, 1887.0, 2452.0, 3330.3333333333335], "get": [231.33333333333334, 387.3333333333333, 778.0, 1580.0, 2844.0], "get_parallel": [37.22666666666666, 60.60999999999999, 127.77333333333335, 255.79, 454.3766666666667], "remove": [486.0, 876.0, 1806.3333333333333, 3340.3333333333335, 5671.333333333333]}}, "hm": {"ptr": {"insert": [40.333333333333336, 47.333333333333336, 65.0, 66.33333333333333, 153.33333333333334], "insert_many": [146.33333333333334, 120.0, 103.66666666666667, 161.33333333333334, 203.0], "insert_many_par": [378.3333333333333, 138.33333333333334, 111.66666666666667, 168.66666666666666, 209.33333333333334], "get": [31.0, 47.333333333333336, 46.0, 95.66666666666667, 143.66666666666666], "get_parallel": [6.7700000000000005, 7.8999999999999995, 10.693333333333333, 22.236666666666668, 31.653333333333336], "remove": [41.333333333333336, 43.333333333333336, 60.333333333333336, 99.66666666666667, 198.33333333333334]}, "str": {"insert": [126.0, 138.33333333333334, 207.66666666666666, 318.0, 440.6666666666667], "insert_many": [370.3333333333333, 346.3333333333333, 467.0, 779.0, 856.6666666666666], "insert_many_par": [592.3333333333334, 384.6666666666667, 504.3333333333333, 799.6666666666666, 885.3333333333334], "get": [112.66666666666667, 127.33333333333333, 217.0, 273.3333333333333, 361.0], "get_parallel": [21.540000000000003, 23.77, 35.39, 43.36333333333334, 54.82], "remove": [180.0, 187.66666666666666, 367.0, 571.0, 699.0]}}, "btm": {"ptr": {"insert": [130.66666666666666, 177.66666666666666, 249.66666666666666, 473.0, 732.0], "insert_many": [137.66666666666666, 163.0, 232.66666666666666, 374.3333333333333, 630.3333333333334], "insert_many_par": [285.3333333333333, 159.66666666666666, 169.33333333333334, 223.33333333333334, 286.3333333333333], "get": [80.33333333333333, 135.66666666666666, 207.33333333333334, 401.3333333333333, 650.3333333333334], "get_parallel": [11.943333333333333, 22.47666666666667, 32.97666666666667, 65.49, 100.06], "remove": [186.33333333333334, 202.66666666666666, 268.6666666666667, 518.3333333333334, 764.0]}, "str": {"insert": [278.3333333333333, 434.3333333333333, 846.3333333333334, 1520.6666666666667, 2434.3333333333335], "insert_many": [258.6666666666667, 386.0, 708.0, 1323.3333333333333, 2133.0], "insert_many_par": [430.0, 361.0, 552.3333333333334, 763.3333333333334, 1010.6666666666666], "get": [198.66666666666666, 334.0, 652.3333333333334, 1267.6666666666667, 2103.0], "get_parallel": [34.77666666666667, 58.88999999999999, 124.09333333333332, 238.48333333333335, 383.55], "remove": [316.3333333333333, 418.6666666666667, 844.3333333333334, 1483.3333333333333, 2371.0]}}, "oc": {"ptr": {"insert": [381.46999999999997, 984.5093333333334, 1672.533333333333, 3096.7099999999996, 4964.576666666667], "insert_many": [303.6656666666666, 709.16, 630.659, 772.445, 1058.3433333333332], "insert_many_par": [0.0, 0.0, 0.0, 0.0, 0.0], "get": [180.59133333333332, 275.81666666666666, 447.92966666666666, 815.8256666666666, 1229.3566666666668], "get_parallel": [0.0, 0.0, 0.0, 0.0, 0.0], "remove": [341.49500000000006, 623.5679999999999, 1545.01, 2961.533333333333, 4686.2]}, "str": {"insert": [509.02366666666666, 1217.7066666666667, 2407.48, 4653.346666666667, 7305.096666666667], "insert_many": [423.35200000000003, 847.0056666666666, 839.4406666666667, 1033.5466666666669, 1251.1533333333334], "insert_many_par": [0.0, 0.0, 0.0, 0.0, 0.0], "get": [306.061, 512.7156666666666, 880.3036666666667, 1786.8633333333335, 2745.9066666666663], "get_parallel": [0.0, 0.0, 0.0, 0.0, 0.0], "remove": [426.13366666666667, 847.9913333333334, 2141.826666666667, 4077.52, 6410.25]}}}