{"cm": {"ptr": {"insert": [621.6666666666666, 674.3333333333334, 862.0, 1082.6666666666667, 1851.6666666666667], "insert_many": [92.0, 106.0, 112.33333333333333, 161.33333333333334, 258.0], "insert_many_par": [45.0, 41.0, 45.666666666666664, 75.66666666666667, 998.3333333333334], "get": [8.0, 16.333333333333332, 29.333333333333332, 52.333333333333336, 181.33333333333334], "get_parallel": [2.2533333333333334, 4.5633333333333335, 7.853333333333334, 14.64, 53.596666666666664], "remove": [219.66666666666666, 296.6666666666667, 469.0, 729.6666666666666, 1572.0]}, "str": {"insert": [2799.6666666666665, 2917.3333333333335, 7589.0, 14024.666666666666, 16903.333333333332], "insert_many": [472.3333333333333, 550.0, 1527.0, 3189.6666666666665, 3509.6666666666665], "insert_many_par": [120.0, 179.66666666666666, 240.0, 381.3333333333333, 1369.0], "get": [88.0, 132.33333333333334, 218.66666666666666, 857.6666666666666, 1733.6666666666667], "get_parallel": [22.606666666666666, 36.36666666666667, 59.32, 229.20333333333335, 461.50666666666666], "remove": [2892.3333333333335, 3052.0, 7772.0, 14347.666666666666, 17317.333333333332]}}, "cow": {"ptr": {"insert": [], "insert_many": [], "insert_many_par": [], "get": [], "get_parallel": [], "remove": []}, "str": {"insert": [], "insert_many": [], "insert_many_par": [], "get": [], "get_parallel": [], "remove": []}}, "hm": {"ptr": {"insert": [], "insert_many": [], "insert_many_par": [], "get": [], "get_parallel": [], "remove": []}, "str": {"insert": [], "insert_many": [], "insert_many_par": [], "get": [], "get_parallel": [], "remove": []}}, "btm": {"ptr": {"insert": [], "insert_many": [], "insert_many_par": [], "get": [], "get_parallel": [], "remove": []}, "str": {"insert": [], "insert_many": [], "insert_many_par": [], "get": [], "get_parallel": [], "remove": []}}, "oc": {"ptr": {"insert": [], "insert_many": [], "insert_many_par": [], "get": [], "get_parallel": [], "remove": []}, "str": {"insert": [], "insert_many": [], "insert_many_par": [], "get": [], "get_parallel": [], "remove": []}}}