{"cm": {"ptr": {"insert": [331.3333333333333, 539.3333333333334, 941.6666666666666, 1805.3333333333333, 3964.0], "insert_many": [321.6666666666667, 393.3333333333333, 491.0, 775.3333333333334, 1437.0], "insert_many_par": [246.0, 245.66666666666666, 268.6666666666667, 396.0, 2609.3333333333335], "get": [30.0, 53.333333333333336, 82.66666666666667, 163.0, 428.3333333333333], "get_parallel": [4.0200000000000005, 6.8500000000000005, 10.863333333333332, 22.936666666666667, 57.36666666666667], "remove": [372.6666666666667, 535.3333333333334, 955.3333333333334, 1845.3333333333333, 5044.0]}, "str": {"insert": [10542.0, 11292.0, 18505.0, 36837.666666666664, 34082.666666666664], "insert_many": [5384.666666666667, 5735.333333333333, 8243.333333333334, 9483.666666666666, 10846.666666666666], "insert_many_par": [1141.0, 1449.0, 1881.6666666666667, 2581.6666666666665, 9721.666666666666], "get": [85.66666666666667, 138.66666666666666, 350.3333333333333, 872.6666666666666, 1522.6666666666667], "get_parallel": [10.950000000000001, 17.726666666666667, 45.74666666666667, 111.22666666666667, 191.34666666666666], "remove": [10810.0, 11308.666666666666, 16933.0, 29261.666666666668, 42470.333333333336]}}, "hm": {"ptr": {"insert": [], "insert_many": [], "insert_many_par": [], "get": [], "get_parallel": [], "remove": []}, "str": {"insert": [], "insert_many": [], "insert_many_par": [], "get": [], "get_parallel": [], "remove": []}}, "btm": {"ptr": {"insert": [], "insert_many": [], "insert_many_par": [], "get": [], "get_parallel": [], "remove": []}, "str": {"insert": [], "insert_many": [], "insert_many_par": [], "get": [], "get_parallel": [], "remove": []}}, "oc": {"ptr": {"insert": [], "insert_many": [], "insert_many_par": [], "get": [], "get_parallel": [], "remove": []}, "str": {"insert": [], "insert_many": [], "insert_many_par": [], "get": [], "get_parallel": [], "remove": []}}}