{"cm": {"ptr": {"insert": [987.6666666666666, 1358.0, 967.0, 1400.6666666666667, 2270.6666666666665], "insert_many": [189.33333333333334, 229.33333333333334, 115.0, 178.33333333333334, 290.0], "insert_many_par": [204.0, 146.0, 153.66666666666666, 90.0, 515.6666666666666], "get": [18.0, 25.666666666666668, 28.666666666666668, 50.0, 186.66666666666666], "get_parallel": [2.3866666666666667, 4.07, 6.283333333333334, 12.553333333333333, 46.15333333333333], "remove": [522.0, 915.6666666666666, 775.3333333333334, 1177.6666666666667, 2136.6666666666665]}, "str": {"insert": [7142.333333333333, 7584.333333333333, 7905.333333333333, 14731.333333333334, 17878.0], "insert_many": [1110.3333333333333, 799.0, 1591.6666666666667, 3266.6666666666665, 3548.6666666666665], "insert_many_par": [493.6666666666667, 667.3333333333334, 449.0, 620.0, 1073.3333333333333], "get": [97.33333333333333, 149.66666666666666, 212.66666666666666, 885.3333333333334, 1728.6666666666667], "get_parallel": [15.103333333333333, 22.97, 44.87, 164.51333333333335, 313.38000000000005], "remove": [7160.0, 8403.666666666666, 8102.0, 15053.0, 18060.666666666668]}}, "cow": {"ptr": {"insert": [172.66666666666666, 221.0, 304.0, 355.6666666666667, 1188.0], "insert_many": [185.0, 254.0, 275.6666666666667, 374.0, 1136.6666666666667], "insert_many_par": [190.0, 124.0, 187.0, 119.66666666666667, 305.3333333333333], "get": [14.666666666666666, 20.666666666666668, 29.0, 46.666666666666664, 184.66666666666666], "get_parallel": [2.3766666666666665, 4.073333333333333, 6.373333333333332, 11.39, 45.48666666666667], "remove": [163.66666666666666, 205.0, 313.6666666666667, 369.3333333333333, 1120.3333333333333]}, "str": {"insert": [335.6666666666667, 530.3333333333334, 564.6666666666666, 1669.6666666666667, 2736.3333333333335], "insert_many": [320.3333333333333, 590.0, 513.3333333333334, 1470.6666666666667, 2661.3333333333335], "insert_many_par": [504.0, 787.6666666666666, 506.0, 753.6666666666666, 1039.3333333333333], "get": [92.33333333333333, 137.66666666666666, 212.66666666666666, 869.0, 1693.0], "get_parallel": [15.393333333333333, 23.22, 45.46333333333333, 164.81, 309.18333333333334], "remove": [406.0, 609.6666666666666, 707.0, 1569.0, 2647.0]}}, "hm": {"ptr": {"insert": [29.666666666666668, 32.333333333333336, 41.666666666666664, 25.666666666666668, 53.666666666666664], "insert_many": [82.0, 65.0, 49.666666666666664, 37.666666666666664, 38.0], "insert_many_par": [208.66666666666666, 75.33333333333333, 51.333333333333336, 40.0, 42.0], "get": [7.666666666666667, 8.0, 15.333333333333334, 29.333333333333332, 60.333333333333336], "get_parallel": [2.3, 2.5966666666666662, 3.0399999999999996, 6.1933333333333325, 11.183333333333332], "remove": [36.0, 38.0, 47.0, 39.0, 58.666666666666664]}, "str": {"insert": [97.0, 104.33333333333333, 73.66666666666667, 154.0, 180.66666666666666], "insert_many": [258.6666666666667, 232.66666666666666, 135.66666666666666, 421.0, 361.3333333333333], "insert_many_par": [376.0, 262.3333333333333, 137.66666666666666, 386.6666666666667, 339.6666666666667], "get": [52.666666666666664, 39.666666666666664, 46.666666666666664, 103.66666666666667, 152.66666666666666], "get_parallel": [8.083333333333334, 8.326666666666666, 11.410000000000002, 28.213333333333335, 36.23], "remove": [196.0, 215.33333333333334, 144.0, 200.33333333333334, 264.3333333333333]}}, "btm": {"ptr": {"insert": [75.66666666666667, 102.66666666666667, 138.33333333333334, 149.66666666666666, 400.0], "insert_many": [78.66666666666667, 95.0, 116.66666666666667, 113.33333333333333, 305.3333333333333], "insert_many_par": [180.66666666666666, 99.66666666666667, 105.33333333333333, 69.33333333333333, 108.66666666666667], "get": [26.333333333333332, 61.333333333333336, 76.0, 144.66666666666666, 398.6666666666667], "get_parallel": [5.640000000000001, 8.946666666666667, 13.073333333333332, 27.55333333333333, 63.85], "remove": [99.33333333333333, 116.66666666666667, 163.0, 186.33333333333334, 444.0]}, "str": {"insert": [154.0, 195.66666666666666, 217.66666666666666, 799.6666666666666, 1253.6666666666667], "insert_many": [143.33333333333334, 180.0, 208.0, 594.6666666666666, 1051.0], "insert_many_par": [243.66666666666666, 177.0, 151.0, 293.3333333333333, 402.6666666666667], "get": [81.33333333333333, 115.0, 172.0, 607.6666666666666, 1101.3333333333333], "get_parallel": [11.44, 20.146666666666665, 38.47, 129.08333333333334, 221.36333333333332], "remove": [268.0, 286.0, 271.6666666666667, 723.0, 1200.6666666666667]}}, "oc": {"ptr": {"insert": [210.8416666666667, 521.2146666666666, 437.259, 1013.5100000000001, 1567.3533333333335], "insert_many": [169.91266666666667, 193.53233333333333, 143.91433333333336, 164.923, 193.70966666666666], "insert_many_par": [0.0, 0.0, 0.0, 0.0, 0.0], "get": [62.020700000000005, 86.67810000000001, 128.24966666666668, 349.1203333333333, 691.3716666666666], "get_parallel": [0.0, 0.0, 0.0, 0.0, 0.0], "remove": [103.235, 177.71733333333336, 383.2993333333334, 1026.6233333333332, 1627.2166666666665]}, "str": {"insert": [281.016, 280.404, 680.027, 1554.8566666666666, 2354.543333333333], "insert_many": [231.34533333333334, 218.08933333333334, 187.30899999999997, 207.21633333333332, 346.059], "insert_many_par": [0.0, 0.0, 0.0, 0.0, 0.0], "get": [90.29563333333334, 141.23966666666666, 215.70000000000002, 751.851, 1370.7133333333334], "get_parallel": [0.0, 0.0, 0.0, 0.0, 0.0], "remove": [126.99766666666666, 215.77666666666664, 543.3906666666667, 1381.5866666666668, 2263.8766666666666]}}}