{"cm": {"ptr": {"insert": [374.6666666666667, 475.3333333333333, 634.3333333333334, 894.6666666666666, 1787.6666666666667], "insert_many": [93.33333333333333, 107.66666666666667, 115.0, 174.33333333333334, 295.0], "insert_many_par": [45.0, 45.666666666666664, 46.333333333333336, 77.0, 1000.6666666666666], "get": [8.0, 16.666666666666668, 29.666666666666668, 56.0, 188.33333333333334], "get_parallel": [2.2866666666666666, 4.683333333333334, 7.983333333333333, 15.26, 54.173333333333325], "remove": [198.66666666666666, 299.0, 463.3333333333333, 773.6666666666666, 1782.0]}, "str": {"insert": [2786.6666666666665, 3043.6666666666665, 7629.0, 14143.333333333334, 17039.666666666668], "insert_many": [469.3333333333333, 550.0, 1332.3333333333333, 3082.6666666666665, 3416.3333333333335], "insert_many_par": [118.66666666666667, 169.33333333333334, 247.66666666666666, 383.3333333333333, 1366.0], "get": [87.66666666666667, 131.33333333333334, 222.0, 872.6666666666666, 1740.0], "get_parallel": [22.44, 35.69, 60.48666666666667, 230.69000000000003, 462.1333333333334], "remove": [2856.6666666666665, 3074.3333333333335, 7512.333333333333, 13939.666666666666, 16859.333333333332]}}, "cow": {"ptr": {"insert": [], "insert_many": [], "insert_many_par": [], "get": [], "get_parallel": [], "remove": []}, "str": {"insert": [], "insert_many": [], "insert_many_par": [], "get": [], "get_parallel": [], "remove": []}}, "hm": {"ptr": {"insert": [], "insert_many": [], "insert_many_par": [], "get": [], "get_parallel": [], "remove": []}, "str": {"insert": [], "insert_many": [], "insert_many_par": [], "get": [], "get_parallel": [], "remove": []}}, "btm": {"ptr": {"insert": [], "insert_many": [], "insert_many_par": [], "get": [], "get_parallel": [], "remove": []}, "str": {"insert": [], "insert_many": [], "insert_many_par": [], "get": [], "get_parallel": [], "remove": []}}, "oc": {"ptr": {"insert": [], "insert_many": [], "insert_many_par": [], "get": [], "get_parallel": [], "remove": []}, "str": {"insert": [], "insert_many": [], "insert_many_par": [], "get": [], "get_parallel": [], "remove": []}}}