{"cm": {"ptr": {"insert": [2278.6666666666665, 2733.6666666666665, 3783.0, 5471.666666666667, 9597.333333333334], "insert_many": [498.0, 627.6666666666666, 687.0, 786.3333333333334, 950.6666666666666], "insert_many_par": [492.0, 353.0, 379.0, 452.6666666666667, 1730.0], "get": [75.33333333333333, 132.66666666666666, 227.66666666666666, 409.0, 830.3333333333334], "get_parallel": [11.023333333333332, 21.55666666666667, 36.736666666666665, 66.24333333333334, 130.73000000000002], "remove": [2023.3333333333333, 2469.6666666666665, 3516.6666666666665, 5442.333333333333, 14151.333333333334]}, "str": {"insert": [23911.333333333332, 24599.666666666668, 42150.666666666664, 55453.0, 80763.66666666667], "insert_many": [3457.6666666666665, 3961.3333333333335, 7516.666666666667, 9633.333333333334, 12568.333333333334], "insert_many_par": [880.3333333333334, 1099.3333333333333, 1669.3333333333333, 1990.0, 3658.3333333333335], "get": [241.66666666666666, 394.6666666666667, 768.0, 1501.6666666666667, 2653.0], "get_parallel": [38.623333333333335, 62.36666666666667, 127.02666666666666, 249.37666666666667, 431.95], "remove": [23815.666666666668, 24251.333333333332, 41500.666666666664, 55210.666666666664, 90312.0]}}, "cow": {"ptr": {"insert": [303.6666666666667, 454.6666666666667, 794.6666666666666, 1508.3333333333333, 3130.6666666666665], "insert_many": [303.6666666666667, 511.0, 843.0, 1484.3333333333333, 2986.0], "insert_many_par": [579.3333333333334, 410.3333333333333, 465.6666666666667, 608.3333333333334, 972.0], "get": [73.33333333333333, 133.0, 232.0, 398.0, 824.3333333333334], "get_parallel": [11.926666666666668, 21.026666666666667, 35.72666666666667, 65.37, 135.9], "remove": [274.3333333333333, 451.3333333333333, 807.3333333333334, 1552.0, 2738.0]}, "str": {"insert": [483.6666666666667, 926.3333333333334, 1799.0, 3313.6666666666665, 5959.0], "insert_many": [476.6666666666667, 956.0, 1782.3333333333333, 3289.6666666666665, 5773.0], "insert_many_par": [847.6666666666666, 1180.0, 1824.6666666666667, 2385.6666666666665, 3248.3333333333335], "get": [245.66666666666666, 404.0, 778.0, 1520.6666666666667, 2785.3333333333335], "get_parallel": [39.089999999999996, 63.413333333333334, 126.57333333333332, 248.26999999999998, 444.0], "remove": [510.3333333333333, 886.0, 1740.0, 3199.6666666666665, 5329.333333333333]}}, "hm": {"ptr": {"insert": [], "insert_many": [], "insert_many_par": [], "get": [], "get_parallel": [], "remove": []}, "str": {"insert": [], "insert_many": [], "insert_many_par": [], "get": [], "get_parallel": [], "remove": []}}, "btm": {"ptr": {"insert": [], "insert_many": [], "insert_many_par": [], "get": [], "get_parallel": [], "remove": []}, "str": {"insert": [], "insert_many": [], "insert_many_par": [], "get": [], "get_parallel": [], "remove": []}}, "oc": {"ptr": {"insert": [], "insert_many": [], "insert_many_par": [], "get": [], "get_parallel": [], "remove": []}, "str": {"insert": [], "insert_many": [], "insert_many_par": [], "get": [], "get_parallel": [], "remove": []}}}