{"cm": {"ptr": {"insert": [663.6666666666666, 691.0, 864.3333333333334, 1125.3333333333333, 2146.6666666666665], "insert_many": [99.66666666666667, 122.33333333333333, 131.33333333333334, 167.0, 241.0], "insert_many_par": [60.666666666666664, 48.333333333333336, 48.666666666666664, 73.66666666666667, 1004.6666666666666], "get": [8.0, 16.666666666666668, 29.666666666666668, 50.333333333333336, 167.0], "get_parallel": [2.256666666666667, 4.66, 7.966666666666666, 13.703333333333333, 49.25], "remove": [237.66666666666666, 306.6666666666667, 486.6666666666667, 833.3333333333334, 2252.3333333333335]}, "str": {"insert": [2960.3333333333335, 3112.3333333333335, 7597.0, 14331.666666666666, 17374.666666666668], "insert_many": [514.3333333333334, 601.0, 1611.3333333333333, 3242.3333333333335, 3438.3333333333335], "insert_many_par": [139.0, 189.0, 259.3333333333333, 387.0, 1378.6666666666667], "get": [87.33333333333333, 134.0, 217.0, 856.3333333333334, 1711.6666666666667], "get_parallel": [22.51666666666667, 36.35666666666666, 58.57, 227.54333333333332, 453.27000000000004], "remove": [3057.0, 3265.0, 7820.666666666667, 14701.333333333334, 18183.333333333332]}}, "cow": {"ptr": {"insert": [], "insert_many": [], "insert_many_par": [], "get": [], "get_parallel": [], "remove": []}, "str": {"insert": [], "insert_many": [], "insert_many_par": [], "get": [], "get_parallel": [], "remove": []}}, "hm": {"ptr": {"insert": [], "insert_many": [], "insert_many_par": [], "get": [], "get_parallel": [], "remove": []}, "str": {"insert": [], "insert_many": [], "insert_many_par": [], "get": [], "get_parallel": [], "remove": []}}, "btm": {"ptr": {"insert": [], "insert_many": [], "insert_many_par": [], "get": [], "get_parallel": [], "remove": []}, "str": {"insert": [], "insert_many": [], "insert_many_par": [], "get": [], "get_parallel": [], "remove": []}}, "oc": {"ptr": {"insert": [], "insert_many": [], "insert_many_par": [], "get": [], "get_parallel": [], "remove": []}, "str": {"insert": [], "insert_many": [], "insert_many_par": [], "get": [], "get_parallel": [], "remove": []}}}