{"cm": {"ptr": {"insert": [371.6666666666667, 552.6666666666666, 1039.3333333333333, 1899.6666666666667, 4360.666666666667], "insert_many": [263.6666666666667, 299.0, 361.6666666666667, 511.3333333333333, 864.6666666666666], "insert_many_par": [195.33333333333334, 201.0, 202.66666666666666, 260.0, 1371.0], "get": [32.333333333333336, 50.333333333333336, 78.33333333333333, 150.0, 399.0], "get_parallel": [4.170000000000001, 6.453333333333333, 10.286666666666667, 20.903333333333332, 53.620000000000005], "remove": [372.3333333333333, 539.6666666666666, 1026.6666666666667, 1967.6666666666667, 5237.0]}, "str": {"insert": [20096.666666666668, 21418.666666666668, 31730.333333333332, 65012.0, 56893.0], "insert_many": [5684.0, 5892.333333333333, 7795.666666666667, 8412.333333333334, 9198.666666666666], "insert_many_par": [975.6666666666666, 1359.0, 1552.0, 2030.3333333333333, 5775.666666666667], "get": [89.33333333333333, 138.66666666666666, 341.6666666666667, 825.0, 1468.6666666666667], "get_parallel": [11.476666666666667, 18.153333333333332, 45.373333333333335, 106.46666666666665, 185.79], "remove": [20110.0, 20498.666666666668, 26124.0, 46464.666666666664, 61959.0]}}, "hm": {"ptr": {"insert": [], "insert_many": [], "insert_many_par": [], "get": [], "get_parallel": [], "remove": []}, "str": {"insert": [], "insert_many": [], "insert_many_par": [], "get": [], "get_parallel": [], "remove": []}}, "btm": {"ptr": {"insert": [], "insert_many": [], "insert_many_par": [], "get": [], "get_parallel": [], "remove": []}, "str": {"insert": [], "insert_many": [], "insert_many_par": [], "get": [], "get_parallel": [], "remove": []}}, "oc": {"ptr": {"insert": [], "insert_many": [], "insert_many_par": [], "get": [], "get_parallel": [], "remove": []}, "str": {"insert": [], "insert_many": [], "insert_many_par": [], "get": [], "get_parallel": [], "remove": []}}}