{"cm": {"ptr": {"insert": [499.6666666666667, 673.3333333333334, 902.0, 1442.3333333333333, 2380.0], "insert_many": [97.0, 117.0, 123.66666666666667, 180.33333333333334, 293.3333333333333], "insert_many_par": [44.666666666666664, 44.666666666666664, 47.0, 79.0, 999.3333333333334], "get": [8.0, 16.666666666666668, 29.666666666666668, 54.333333333333336, 189.66666666666666], "get_parallel": [2.216666666666667, 4.669999999999999, 7.9433333333333325, 14.87, 55.81666666666667], "remove": [220.0, 437.0, 668.6666666666666, 1324.3333333333333, 2346.3333333333335]}, "str": {"insert": [2903.6666666666665, 3109.3333333333335, 8137.0, 14550.666666666666, 17984.0], "insert_many": [477.6666666666667, 557.3333333333334, 1594.6666666666667, 3224.0, 3601.6666666666665], "insert_many_par": [127.33333333333333, 162.0, 262.3333333333333, 376.0, 1380.6666666666667], "get": [87.33333333333333, 131.0, 220.33333333333334, 833.6666666666666, 1761.3333333333333], "get_parallel": [22.55, 35.89333333333333, 59.830000000000005, 222.58333333333334, 467.92], "remove": [3071.3333333333335, 3356.6666666666665, 8350.0, 14900.0, 18268.666666666668]}}, "cow": {"ptr": {"insert": [], "insert_many": [], "insert_many_par": [], "get": [], "get_parallel": [], "remove": []}, "str": {"insert": [], "insert_many": [], "insert_many_par": [], "get": [], "get_parallel": [], "remove": []}}, "hm": {"ptr": {"insert": [], "insert_many": [], "insert_many_par": [], "get": [], "get_parallel": [], "remove": []}, "str": {"insert": [], "insert_many": [], "insert_many_par": [], "get": [], "get_parallel": [], "remove": []}}, "btm": {"ptr": {"insert": [], "insert_many": [], "insert_many_par": [], "get": [], "get_parallel": [], "remove": []}, "str": {"insert": [], "insert_many": [], "insert_many_par": [], "get": [], "get_parallel": [], "remove": []}}, "oc": {"ptr": {"insert": [], "insert_many": [], "insert_many_par": [], "get": [], "get_parallel": [], "remove": []}, "str": {"insert": [], "insert_many": [], "insert_many_par": [], "get": [], "get_parallel": [], "remove": []}}}