{"cm": {"ptr": {"insert": [392.3333333333333, 564.6666666666666, 779.3333333333334, 1075.3333333333333, 1937.6666666666667], "insert_many": [121.33333333333333, 136.33333333333334, 140.0, 225.33333333333334, 381.0], "insert_many_par": [73.66666666666667, 51.666666666666664, 54.666666666666664, 108.33333333333333, 1954.6666666666667], "get": [7.333333333333333, 19.333333333333332, 31.666666666666668, 62.0, 196.33333333333334], "get_parallel": [2.1500000000000004, 5.423333333333333, 9.009999999999998, 17.793333333333333, 58.336666666666666], "remove": [201.33333333333334, 372.3333333333333, 596.6666666666666, 965.0, 1867.6666666666667]}, "str": {"insert": [1512.3333333333333, 1732.3333333333333, 4471.0, 7886.333333333333, 10147.333333333334], "insert_many": [505.3333333333333, 568.0, 1578.3333333333333, 3226.6666666666665, 3545.3333333333335], "insert_many_par": [163.33333333333334, 178.0, 249.0, 394.3333333333333, 2305.3333333333335], "get": [80.66666666666667, 126.66666666666667, 209.0, 832.6666666666666, 1657.0], "get_parallel": [21.706666666666667, 36.480000000000004, 59.10666666666666, 229.25333333333333, 454.2066666666667], "remove": [1592.0, 1837.3333333333333, 4613.666666666667, 8102.0, 10408.333333333334]}}, "cow": {"ptr": {"insert": [], "insert_many": [], "insert_many_par": [], "get": [], "get_parallel": [], "remove": []}, "str": {"insert": [], "insert_many": [], "insert_many_par": [], "get": [], "get_parallel": [], "remove": []}}, "hm": {"ptr": {"insert": [], "insert_many": [], "insert_many_par": [], "get": [], "get_parallel": [], "remove": []}, "str": {"insert": [], "insert_many": [], "insert_many_par": [], "get": [], "get_parallel": [], "remove": []}}, "btm": {"ptr": {"insert": [], "insert_many": [], "insert_many_par": [], "get": [], "get_parallel": [], "remove": []}, "str": {"insert": [], "insert_many": [], "insert_many_par": [], "get": [], "get_parallel": [], "remove": []}}, "oc": {"ptr": {"insert": [], "insert_many": [], "insert_many_par": [], "get": [], "get_parallel": [], "remove": []}, "str": {"insert": [], "insert_many": [], "insert_many_par": [], "get": [], "get_parallel": [], "remove": []}}}