{"cm": {"ptr": {"insert": [634.0, 736.6666666666666, 873.6666666666666, 1229.6666666666667, 1992.3333333333333], "insert_many": [96.33333333333333, 118.0, 123.0, 178.33333333333334, 277.3333333333333], "insert_many_par": [62.0, 48.0, 48.666666666666664, 74.66666666666667, 1000.0], "get": [8.0, 17.0, 29.0, 50.0, 171.33333333333334], "get_parallel": [2.1733333333333333, 4.526666666666667, 8.103333333333333, 14.196666666666667, 51.10333333333333], "remove": [227.66666666666666, 344.6666666666667, 514.0, 1007.6666666666666, 1853.6666666666667]}, "str": {"insert": [2844.6666666666665, 2996.3333333333335, 7585.0, 13876.666666666666, 16655.666666666668], "insert_many": [478.6666666666667, 563.6666666666666, 1547.0, 3166.0, 3412.6666666666665], "insert_many_par": [141.0, 176.33333333333334, 258.0, 376.6666666666667, 1367.6666666666667], "get": [83.66666666666667, 126.0, 205.0, 834.0, 1670.0], "get_parallel": [22.44666666666667, 36.056666666666665, 58.21333333333333, 227.6966666666667, 456.5833333333333], "remove": [3117.3333333333335, 3293.3333333333335, 7756.333333333333, 14149.333333333334, 16883.333333333332]}}, "cow": {"ptr": {"insert": [], "insert_many": [], "insert_many_par": [], "get": [], "get_parallel": [], "remove": []}, "str": {"insert": [], "insert_many": [], "insert_many_par": [], "get": [], "get_parallel": [], "remove": []}}, "hm": {"ptr": {"insert": [], "insert_many": [], "insert_many_par": [], "get": [], "get_parallel": [], "remove": []}, "str": {"insert": [], "insert_many": [], "insert_many_par": [], "get": [], "get_parallel": [], "remove": []}}, "btm": {"ptr": {"insert": [], "insert_many": [], "insert_many_par": [], "get": [], "get_parallel": [], "remove": []}, "str": {"insert": [], "insert_many": [], "insert_many_par": [], "get": [], "get_parallel": [], "remove": []}}, "oc": {"ptr": {"insert": [], "insert_many": [], "insert_many_par": [], "get": [], "get_parallel": [], "remove": []}, "str": {"insert": [], "insert_many": [], "insert_many_par": [], "get": [], "get_parallel": [], "remove": []}}}