{"cm": {"ptr": {"insert": [623.3333333333334, 802.6666666666666, 999.0, 1398.0, 2250.6666666666665], "insert_many": [95.66666666666667, 112.33333333333333, 113.66666666666667, 175.66666666666666, 285.3333333333333], "insert_many_par": [43.333333333333336, 48.0, 47.333333333333336, 77.33333333333333, 995.3333333333334], "get": [8.0, 16.666666666666668, 28.0, 51.0, 176.66666666666666], "get_parallel": [2.3333333333333335, 4.583333333333333, 7.953333333333333, 14.5, 53.49], "remove": [235.33333333333334, 427.0, 643.6666666666666, 1169.3333333333333, 2085.6666666666665]}, "str": {"insert": [2857.6666666666665, 3088.3333333333335, 7790.0, 14239.0, 17172.0], "insert_many": [474.6666666666667, 545.3333333333334, 1559.3333333333333, 3185.6666666666665, 3418.0], "insert_many_par": [124.0, 167.66666666666666, 253.0, 378.3333333333333, 1360.6666666666667], "get": [84.0, 125.33333333333333, 211.0, 836.3333333333334, 1707.6666666666667], "get_parallel": [22.626666666666665, 36.15666666666666, 60.223333333333336, 228.45666666666668, 462.6566666666666], "remove": [3080.0, 3401.0, 7950.666666666667, 14567.666666666666, 17405.333333333332]}}, "cow": {"ptr": {"insert": [], "insert_many": [], "insert_many_par": [], "get": [], "get_parallel": [], "remove": []}, "str": {"insert": [], "insert_many": [], "insert_many_par": [], "get": [], "get_parallel": [], "remove": []}}, "hm": {"ptr": {"insert": [], "insert_many": [], "insert_many_par": [], "get": [], "get_parallel": [], "remove": []}, "str": {"insert": [], "insert_many": [], "insert_many_par": [], "get": [], "get_parallel": [], "remove": []}}, "btm": {"ptr": {"insert": [], "insert_many": [], "insert_many_par": [], "get": [], "get_parallel": [], "remove": []}, "str": {"insert": [], "insert_many": [], "insert_many_par": [], "get": [], "get_parallel": [], "remove": []}}, "oc": {"ptr": {"insert": [], "insert_many": [], "insert_many_par": [], "get": [], "get_parallel": [], "remove": []}, "str": {"insert": [], "insert_many": [], "insert_many_par": [], "get": [], "get_parallel": [], "remove": []}}}