{"cm": {"ptr": {"insert": [930.6666666666666, 942.3333333333334, 1226.3333333333333, 1808.0, 3442.6666666666665], "insert_many": [232.66666666666666, 241.33333333333334, 252.66666666666666, 325.0, 417.3333333333333], "insert_many_par": [53.0, 56.333333333333336, 57.333333333333336, 85.0, 1008.0], "get": [8.0, 17.0, 30.0, 55.0, 186.0], "get_parallel": [2.206666666666667, 4.726666666666667, 8.123333333333333, 15.39, 53.800000000000004], "remove": [483.0, 583.0, 853.0, 1316.0, 3322.6666666666665]}, "str": {"insert": [3378.6666666666665, 3618.0, 8870.333333333334, 15896.666666666666, 19743.333333333332], "insert_many": [624.3333333333334, 692.6666666666666, 1753.0, 3429.6666666666665, 3647.0], "insert_many_par": [129.66666666666666, 179.66666666666666, 261.3333333333333, 393.0, 1376.0], "get": [88.0, 131.0, 218.0, 875.6666666666666, 1751.6666666666667], "get_parallel": [22.403333333333336, 35.79333333333333, 58.873333333333335, 232.67999999999998, 463.4666666666667], "remove": [3133.6666666666665, 3360.6666666666665, 8238.666666666666, 15083.333333333334, 19042.666666666668]}}, "cow": {"ptr": {"insert": [], "insert_many": [], "insert_many_par": [], "get": [], "get_parallel": [], "remove": []}, "str": {"insert": [], "insert_many": [], "insert_many_par": [], "get": [], "get_parallel": [], "remove": []}}, "hm": {"ptr": {"insert": [], "insert_many": [], "insert_many_par": [], "get": [], "get_parallel": [], "remove": []}, "str": {"insert": [], "insert_many": [], "insert_many_par": [], "get": [], "get_parallel": [], "remove": []}}, "btm": {"ptr": {"insert": [], "insert_many": [], "insert_many_par": [], "get": [], "get_parallel": [], "remove": []}, "str": {"insert": [], "insert_many": [], "insert_many_par": [], "get": [], "get_parallel": [], "remove": []}}, "oc": {"ptr": {"insert": [], "insert_many": [], "insert_many_par": [], "get": [], "get_parallel": [], "remove": []}, "str": {"insert": [], "insert_many": [], "insert_many_par": [], "get": [], "get_parallel": [], "remove": []}}}