{
  "cm": {
    "ptr": {
      "insert": [
        663.0,
        730.6666666666666,
        993.0,
        1301.3333333333333,
        2712.6666666666665
      ],
      "insert_many": [
        103.66666666666667,
        129.33333333333334,
        138.33333333333334,
        178.33333333333334,
        255.66666666666666
      ],
      "insert_many_par": [
        64.33333333333333,
        49.666666666666664,
        50.333333333333336,
        75.66666666666667,
        1004.0
      ],
      "get": [
        8.0,
        17.0,
        28.666666666666668,
        47.666666666666664,
        165.33333333333334
      ],
      "get_parallel": [
        2.1633333333333336,
        4.47,
        8.046666666666667,
        13.839999999999998,
        49.22666666666667
      ],
      "remove": [
        243.0,
        355.3333333333333,
        619.0,
        1015.6666666666666,
        2687.3333333333335
      ]
    },
    "str": {
      "insert": [
        2989.3333333333335,
        3422.3333333333335,
        8373.333333333334,
        16812.666666666668,
        24173.333333333332
      ],
      "insert_many": [
        521.6666666666666,
        661.0,
        1723.0,
        3465.3333333333335,
        3662.3333333333335
      ],
      "insert_many_par": [
        142.33333333333334,
        187.0,
        267.0,
        402.6666666666667,
        1374.3333333333333
      ],
      "get": [
        84.0,
        126.0,
        204.66666666666666,
        834.0,
        1650.6666666666667
      ],
      "get_parallel": [
        22.516666666666666,
        35.93666666666667,
        58.46333333333334,
        229.47333333333336,
        452.23
      ],
      "remove": [
        3103.6666666666665,
        3549.6666666666665,
        8508.333333333334,
        16976.666666666668,
        24657.666666666668
      ]
    }
  },
  "cow": {
    "ptr": {
      "insert": [
        115.66666666666667,
        190.0,
        342.0,
        535.3333333333334,
        1640.6666666666667
      ],
      "insert_many": [
        109.66666666666667,
        204.0,
        346.3333333333333,
        534.3333333333334,
        1492.3333333333333
      ],
      "insert_many_par": [
        62.333333333333336,
        88.33333333333333,
        107.33333333333333,
        158.0,
        512.6666666666666
      ],
      "get": [
        8.0,
        15.666666666666666,
        28.0,
        48.666666666666664,
        170.0
      ],
      "get_parallel": [
        2.1733333333333333,
        4.246666666666667,
        7.996666666666666,
        13.626666666666667,
        50.63666666666668
      ],
      "remove": [
        113.0,
        174.33333333333334,
        337.6666666666667,
        559.0,
        1578.0
      ]
    },
    "str": {
      "insert": [
        217.66666666666666,
        467.6666666666667,
        1094.6666666666667,
        2918.6666666666665,
        7016.0
      ],
      "insert_many": [
        192.0,
        465.0,
        984.6666666666666,
        2832.0,
        6880.666666666667
      ],
      "insert_many_par": [
        162.0,
        285.3333333333333,
        433.0,
        919.3333333333334,
        2111.0
      ],
      "get": [
        83.66666666666667,
        124.66666666666667,
        207.0,
        807.6666666666666,
        1644.3333333333333
      ],
      "get_parallel": [
        22.486666666666668,
        35.86000000000001,
        58.913333333333334,
        221.3166666666667,
        449.27666666666664
      ],
      "remove": [
        231.66666666666666,
        466.6666666666667,
        1190.3333333333333,
        2803.3333333333335,
        6806.666666666667
      ]
    }
  },
  "hm": {
    "ptr": {
      "insert": [
        15.333333333333334,
        20.333333333333332,
        37.333333333333336,
        27.333333333333332,
        56.666666666666664
      ],
      "insert_many": [
        38.666666666666664,
        31.0,
        28.0,
        38.0,
        38.333333333333336
      ],
      "insert_many_par": [
        54.666666666666664,
        32.0,
        28.0,
        43.0,
        43.0
      ],
      "get": [
        7.0,
        8.0,
        10.0,
        28.0,
        54.666666666666664
      ],
      "get_parallel": [
        1.8466666666666667,
        2.0766666666666667,
        2.52,
        6.829999999999999,
        13.813333333333333
      ],
      "remove": [
        17.666666666666668,
        25.333333333333332,
        26.0,
        39.666666666666664,
        58.0
      ]
    },
    "str": {
      "insert": [
        49.0,
        53.666666666666664,
        73.66666666666667,
        144.66666666666666,
        174.33333333333334
      ],
      "insert_many": [
        137.33333333333334,
        123.33333333333333,
        144.66666666666666,
        389.0,
        353.3333333333333
      ],
      "insert_many_par": [
        161.33333333333334,
        123.0,
        135.0,
        384.3333333333333,
        352.0
      ],
      "get": [
        38.666666666666664,
        40.0,
        47.333333333333336,
        105.33333333333333,
        155.33333333333334
      ],
      "get_parallel": [
        10.743333333333332,
        10.680000000000001,
        13.053333333333333,
        31.37,
        44.673333333333325
      ],
      "remove": [
        62.333333333333336,
        80.66666666666667,
        147.33333333333334,
        207.0,
        290.6666666666667
      ]
    }
  },
  "btm": {
    "ptr": {
      "insert": [
        54.333333333333336,
        68.33333333333333,
        88.66666666666667,
        151.0,
        401.0
      ],
      "insert_many": [
        52.333333333333336,
        62.333333333333336,
        80.66666666666667,
        112.33333333333333,
        308.0
      ],
      "insert_many_par": [
        63.0,
        54.0,
        59.0,
        73.66666666666667,
        130.0
      ],
      "get": [
        13.666666666666666,
        51.333333333333336,
        72.0,
        139.66666666666666,
        370.0
      ],
      "get_parallel": [
        5.78,
        14.013333333333334,
        19.813333333333336,
        37.653333333333336,
        99.94666666666667
      ],
      "remove": [
        69.0,
        79.33333333333333,
        96.66666666666667,
        187.66666666666666,
        443.3333333333333
      ]
    },
    "str": {
      "insert": [
        92.33333333333333,
        133.0,
        214.66666666666666,
        764.3333333333334,
        1214.6666666666667
      ],
      "insert_many": [
        86.33333333333333,
        119.0,
        201.33333333333334,
        582.3333333333334,
        1010.6666666666666
      ],
      "insert_many_par": [
        99.66666666666667,
        106.33333333333333,
        157.0,
        315.6666666666667,
        486.6666666666667
      ],
      "get": [
        61.333333333333336,
        104.33333333333333,
        167.0,
        585.0,
        1034.3333333333333
      ],
      "get_parallel": [
        17.006666666666664,
        29.94666666666667,
        47.64333333333334,
        167.88,
        293.2
      ],
      "remove": [
        110.33333333333333,
        143.0,
        269.3333333333333,
        705.6666666666666,
        1169.3333333333333
      ]
    }
  },
  "oc": {
    "ptr": {
      "insert": [
        116.03033333333333,
        264.327,
        436.941,
        1012.96,
        1576.18
      ],
      "insert_many": [
        82.5723,
        158.65966666666668,
        144.343,
        165.46366666666665,
        195.33933333333334
      ],
      "insert_many_par": [
        0.0,
        0.0,
        0.0,
        0.0,
        0.0
      ],
      "get": [
        52.4922,
        86.74796666666667,
        128.79366666666667,
        349.72166666666664,
        693.699
      ],
      "get_parallel": [
        0.0,
        0.0,
        0.0,
        0.0,
        0.0
      ],