{"cm": {"ptr": {"insert": [420.0, 506.0, 708.3333333333334, 1023.6666666666666, 2559.0], "insert_many": [110.33333333333333, 135.66666666666666, 146.0, 182.66666666666666, 264.6666666666667], "insert_many_par": [45.0, 51.0, 50.0, 77.33333333333333, 1000.3333333333334], "get": [8.0, 16.666666666666668, 30.0, 52.666666666666664, 172.33333333333334], "get_parallel": [2.2, 4.683333333333334, 8.003333333333332, 14.383333333333335, 49.10666666666666], "remove": [248.33333333333334, 345.6666666666667, 574.0, 968.0, 3131.0]}, "str": {"insert": [2853.6666666666665, 3018.0, 7561.0, 14503.666666666666, 18197.0], "insert_many": [481.6666666666667, 579.6666666666666, 1557.6666666666667, 3185.6666666666665, 3436.6666666666665], "insert_many_par": [120.66666666666667, 157.66666666666666, 255.33333333333334, 386.3333333333333, 1367.0], "get": [87.66666666666667, 131.66666666666666, 220.0, 868.3333333333334, 1726.3333333333333], "get_parallel": [22.426666666666666, 35.77666666666667, 59.839999999999996, 228.26333333333332, 455.92], "remove": [2924.3333333333335, 3074.0, 7602.333333333333, 14431.666666666666, 18483.666666666668]}}, "cow": {"ptr": {"insert": [], "insert_many": [], "insert_many_par": [], "get": [], "get_parallel": [], "remove": []}, "str": {"insert": [], "insert_many": [], "insert_many_par": [], "get": [], "get_parallel": [], "remove": []}}, "hm": {"ptr": {"insert": [], "insert_many": [], "insert_many_par": [], "get": [], "get_parallel": [], "remove": []}, "str": {"insert": [], "insert_many": [], "insert_many_par": [], "get": [], "get_parallel": [], "remove": []}}, "btm": {"ptr": {"insert": [], "insert_many": [], "insert_many_par": [], "get": [], "get_parallel": [], "remove": []}, "str": {"insert": [], "insert_many": [], "insert_many_par": [], "get": [], "get_parallel": [], "remove": []}}, "oc": {"ptr": {"insert": [], "insert_many": [], "insert_many_par": [], "get": [], "get_parallel": [], "remove": []}, "str": {"insert": [], "insert_many": [], "insert_many_par": [], "get": [], "get_parallel": [], "remove": []}}}