{"cm": {"ptr": {"insert": [369.0, 569.3333333333334, 1133.3333333333333, 2047.6666666666667, 4761.0], "insert_many": [171.33333333333334, 220.66666666666666, 281.6666666666667, 371.3333333333333, 567.6666666666666], "insert_many_par": [142.0, 157.66666666666666, 164.33333333333334, 195.66666666666666, 759.6666666666666], "get": [34.333333333333336, 48.666666666666664, 75.66666666666667, 143.66666666666666, 371.3333333333333], "get_parallel": [4.486666666666667, 6.2700000000000005, 9.846666666666666, 19.98, 49.93333333333334], "remove": [360.0, 547.0, 1039.6666666666667, 1974.3333333333333, 5427.666666666667]}, "str": {"insert": [39790.0, 40685.0, 58610.333333333336, 118664.66666666667, 89793.33333333333], "insert_many": [5421.0, 5823.333333333333, 7403.333333333333, 8064.666666666667, 8438.666666666666], "insert_many_par": [706.6666666666666, 1175.3333333333333, 1489.0, 1758.6666666666667, 3675.0], "get": [93.0, 141.0, 346.6666666666667, 793.0, 1459.3333333333333], "get_parallel": [11.923333333333334, 18.156666666666666, 45.50666666666667, 103.73333333333333, 185.61333333333334], "remove": [39731.0, 39561.0, 46480.0, 76648.33333333333, 98495.0]}}, "hm": {"ptr": {"insert": [], "insert_many": [], "insert_many_par": [], "get": [], "get_parallel": [], "remove": []}, "str": {"insert": [], "insert_many": [], "insert_many_par": [], "get": [], "get_parallel": [], "remove": []}}, "btm": {"ptr": {"insert": [], "insert_many": [], "insert_many_par": [], "get": [], "get_parallel": [], "remove": []}, "str": {"insert": [], "insert_many": [], "insert_many_par": [], "get": [], "get_parallel": [], "remove": []}}, "oc": {"ptr": {"insert": [], "insert_many": [], "insert_many_par": [], "get": [], "get_parallel": [], "remove": []}, "str": {"insert": [], "insert_many": [], "insert_many_par": [], "get": [], "get_parallel": [], "remove": []}}}