{"cm": {"ptr": {"insert": [366.6666666666667, 451.0, 649.3333333333334, 868.3333333333334, 1841.3333333333333], "insert_many": [127.66666666666667, 152.0, 154.33333333333334, 196.0, 315.0], "insert_many_par": [51.333333333333336, 49.666666666666664, 53.666666666666664, 105.33333333333333, 1941.6666666666667], "get": [7.333333333333333, 20.0, 32.0, 61.666666666666664, 188.66666666666666], "get_parallel": [2.1466666666666665, 5.476666666666667, 8.886666666666665, 17.44666666666667, 55.833333333333336], "remove": [197.0, 276.0, 480.6666666666667, 794.6666666666666, 1909.0]}, "str": {"insert": [1522.0, 1697.3333333333333, 4220.666666666667, 7834.333333333333, 10408.0], "insert_many": [539.0, 615.6666666666666, 1613.0, 3224.3333333333335, 3469.6666666666665], "insert_many_par": [140.33333333333334, 157.66666666666666, 249.0, 391.6666666666667, 2297.3333333333335], "get": [81.33333333333333, 125.66666666666667, 205.0, 831.6666666666666, 1641.0], "get_parallel": [21.939999999999998, 36.053333333333335, 57.669999999999995, 228.0233333333333, 450.2966666666666], "remove": [1583.0, 1749.6666666666667, 4401.666666666667, 8148.666666666667, 11064.333333333334]}}, "cow": {"ptr": {"insert": [], "insert_many": [], "insert_many_par": [], "get": [], "get_parallel": [], "remove": []}, "str": {"insert": [], "insert_many": [], "insert_many_par": [], "get": [], "get_parallel": [], "remove": []}}, "hm": {"ptr": {"insert": [], "insert_many": [], "insert_many_par": [], "get": [], "get_parallel": [], "remove": []}, "str": {"insert": [], "insert_many": [], "insert_many_par": [], "get": [], "get_parallel": [], "remove": []}}, "btm": {"ptr": {"insert": [], "insert_many": [], "insert_many_par": [], "get": [], "get_parallel": [], "remove": []}, "str": {"insert": [], "insert_many": [], "insert_many_par": [], "get": [], "get_parallel": [], "remove": []}}, "oc": {"ptr": {"insert": [], "insert_many": [], "insert_many_par": [], "get": [], "get_parallel": [], "remove": []}, "str": {"insert": [], "insert_many": [], "insert_many_par": [], "get": [], "get_parallel": [], "remove": []}}}