{"cm": {"ptr": {"insert": [1733.0, 2059.0, 2995.6666666666665, 4602.333333333333, 7591.0], "insert_many": [461.0, 590.6666666666666, 645.6666666666666, 745.6666666666666, 906.0], "insert_many_par": [525.6666666666666, 343.0, 361.3333333333333, 432.0, 1697.6666666666667], "get": [73.66666666666667, 132.66666666666666, 228.33333333333334, 392.6666666666667, 731.6666666666666], "get_parallel": [10.973333333333334, 20.98, 35.68666666666667, 63.346666666666664, 123.82000000000001], "remove": [1697.6666666666667, 2093.6666666666665, 3004.6666666666665, 4743.0, 10559.666666666666]}, "str": {"insert": [23543.666666666668, 24999.333333333332, 39698.333333333336, 51378.333333333336, 74773.0], "insert_many": [3401.3333333333335, 3883.6666666666665, 7356.666666666667, 9564.333333333334, 12423.333333333334], "insert_many_par": [886.6666666666666, 1059.3333333333333, 1588.6666666666667, 1940.6666666666667, 3591.6666666666665], "get": [233.33333333333334, 386.0, 772.0, 1482.0, 2660.3333333333335], "get_parallel": [38.96333333333334, 60.673333333333325, 125.46333333333332, 248.18000000000004, 429.03666666666663], "remove": [23633.0, 25067.666666666668, 40751.333333333336, 53735.0, 82554.0]}}, "cow": {"ptr": {"insert": [293.6666666666667, 438.3333333333333, 770.3333333333334, 1433.6666666666667, 2620.3333333333335], "insert_many": [288.3333333333333, 482.3333333333333, 824.0, 1419.6666666666667, 2811.6666666666665], "insert_many_par": [519.6666666666666, 408.3333333333333, 444.3333333333333, 568.3333333333334, 928.6666666666666], "get": [79.0, 132.33333333333334, 236.66666666666666, 412.3333333333333, 893.3333333333334], "get_parallel": [12.126666666666667, 22.05666666666667, 37.449999999999996, 67.72666666666667, 137.26], "remove": [279.6666666666667, 412.3333333333333, 721.0, 1371.0, 2480.6666666666665]}, "str": {"insert": [464.3333333333333, 903.6666666666666, 1805.6666666666667, 3295.3333333333335, 5591.0], "insert_many": [458.6666666666667, 930.6666666666666, 1770.6666666666667, 3258.0, 5681.333333333333], "insert_many_par": [957.6666666666666, 1244.3333333333333, 1783.0, 2317.0, 3180.3333333333335], "get": [233.33333333333334, 395.0, 771.6666666666666, 1522.3333333333333, 2742.6666666666665], "get_parallel": [38.76666666666666, 62.336666666666666, 126.51333333333334, 249.12333333333333, 440.77666666666664], "remove": [500.6666666666667, 872.3333333333334, 1763.3333333333333, 3232.6666666666665, 5306.333333333333]}}, "hm": {"ptr": {"insert": [41.666666666666664, 46.0, 65.66666666666667, 68.66666666666667, 154.0], "insert_many": [147.66666666666666, 118.66666666666667, 104.33333333333333, 163.0, 203.33333333333334], "insert_many_par": [308.6666666666667, 138.0, 119.66666666666667, 181.0, 229.66666666666666], "get": [31.666666666666668, 35.0, 47.333333333333336, 95.66666666666667, 146.33333333333334], "get_parallel": [7.1499999999999995, 8.01, 10.843333333333334, 22.060000000000002, 31.899999999999995], "remove": [44.333333333333336, 46.666666666666664, 64.33333333333333, 101.66666666666667, 198.66666666666666]}, "str": {"insert": [125.66666666666667, 140.66666666666666, 215.33333333333334, 326.0, 442.0], "insert_many": [393.6666666666667, 354.6666666666667, 479.6666666666667, 792.6666666666666, 871.3333333333334], "insert_many_par": [588.6666666666666, 391.0, 513.6666666666666, 812.0, 888.0], "get": [115.66666666666667, 129.66666666666666, 221.66666666666666, 285.3333333333333, 368.0], "get_parallel": [22.12, 24.463333333333335, 36.95, 44.79666666666666, 56.43666666666667], "remove": [186.0, 197.66666666666666, 401.0, 592.3333333333334, 756.3333333333334]}}, "btm": {"ptr": {"insert": [186.33333333333334, 193.0, 263.0, 489.6666666666667, 751.3333333333334], "insert_many": [144.66666666666666, 176.66666666666666, 245.0, 388.0, 646.6666666666666], "insert_many_par": [308.6666666666667, 173.33333333333334, 189.0, 245.33333333333334, 311.3333333333333], "get": [81.66666666666667, 139.33333333333334, 213.66666666666666, 412.0, 661.6666666666666], "get_parallel": [14.376666666666665, 24.629999999999995, 35.10333333333333, 66.52, 101.25], "remove": [201.33333333333334, 218.33333333333334, 284.6666666666667, 532.6666666666666, 780.0]}, "str": {"insert": [264.0, 422.0, 830.3333333333334, 1524.0, 2434.0], "insert_many": [247.66666666666666, 374.3333333333333, 699.3333333333334, 1320.0, 2135.6666666666665], "insert_many_par": [408.0, 341.6666666666667, 525.6666666666666, 733.0, 985.0], "get": [193.33333333333334, 329.0, 650.0, 1269.3333333333333, 2127.3333333333335], "get_parallel": [34.28333333333333, 58.81666666666666, 123.63333333333333, 238.76, 383.1566666666667], "remove": [312.3333333333333, 404.0, 833.3333333333334, 1482.0, 2368.3333333333335]}}, "oc": {"ptr": {"insert": [374.7146666666667, 975.919, 1677.71, 3117.2566666666667, 4984.223333333332], "insert_many": [302.9506666666667, 700.1320000000001, 629.6563333333334, 773.6193333333334, 1060.0766666666666], "insert_many_par": [0.0, 0.0, 0.0, 0.0, 0.0], "get": [180.02833333333334, 276.36666666666673, 448.5203333333333, 822.0293333333333, 1234.2266666666667], "get_parallel": [0.0, 0.0, 0.0, 0.0, 0.0], "remove": [340.14366666666666, 620.9216666666666, 1553.09, 2984.8033333333333, 4696.703333333334]}, "str": {"insert": [513.4739999999999, 1197.02, 2408.3233333333333, 4610.32, 7288.95], "insert_many": [421.36533333333335, 834.2423333333332, 839.7793333333333, 1032.71, 1250.5266666666666], "insert_many_par": [0.0, 0.0, 0.0, 0.0, 0.0], "get": [306.90166666666664, 511.60066666666665, 880.6006666666667, 1781.83, 2723.566666666667], "get_parallel": [0.0, 0.0, 0.0, 0.0, 0.0], "remove": [430.34566666666666, 848.4443333333334, 2139.1966666666663, 4046.866666666667, 6390.360000000001]}}}