{"cm": {"ptr": {"insert": [1685.3333333333333, 2065.0, 2978.6666666666665, 4579.333333333333, 7692.666666666667], "insert_many": [457.3333333333333, 592.6666666666666, 643.0, 747.6666666666666, 908.0], "insert_many_par": [623.0, 339.6666666666667, 362.3333333333333, 429.6666666666667, 1697.3333333333333], "get": [74.0, 133.33333333333334, 227.66666666666666, 390.6666666666667, 730.0], "get_parallel": [11.396666666666667, 21.233333333333334, 35.70333333333333, 63.49333333333334, 124.82666666666667], "remove": [1712.0, 2071.0, 2990.6666666666665, 4751.333333333333, 10656.666666666666]}, "str": {"insert": [23787.666666666668, 24603.666666666668, 39495.0, 51007.0, 75515.33333333333], "insert_many": [3395.0, 3880.6666666666665, 7356.666666666667, 9490.333333333334, 12403.333333333334], "insert_many_par": [910.0, 1067.3333333333333, 1588.0, 1926.3333333333333, 3604.3333333333335], "get": [235.0, 388.3333333333333, 771.3333333333334, 1518.3333333333333, 2651.3333333333335], "get_parallel": [39.31, 60.56333333333333, 126.16666666666667, 246.14666666666668, 427.56666666666666], "remove": [23912.0, 24543.666666666668, 40590.666666666664, 53533.666666666664, 84239.33333333333]}}, "cow": {"ptr": {"insert": [286.0, 434.6666666666667, 772.0, 1439.0, 2663.0], "insert_many": [282.3333333333333, 476.0, 822.6666666666666, 1425.6666666666667, 2826.6666666666665], "insert_many_par": [523.6666666666666, 399.6666666666667, 438.6666666666667, 572.6666666666666, 936.0], "get": [78.66666666666667, 132.66666666666666, 235.33333333333334, 413.3333333333333, 897.3333333333334], "get_parallel": [11.793333333333335, 22.183333333333337, 37.20666666666667, 67.61, 137.97333333333336], "remove": [278.0, 409.3333333333333, 724.0, 1383.0, 2503.6666666666665]}, "str": {"insert": [476.0, 918.6666666666666, 1807.0, 3267.0, 5522.666666666667], "insert_many": [457.3333333333333, 908.0, 1777.6666666666667, 3238.3333333333335, 5655.666666666667], "insert_many_par": [921.0, 1180.3333333333333, 1764.3333333333333, 2303.0, 3148.3333333333335], "get": [230.66666666666666, 389.6666666666667, 775.3333333333334, 1534.3333333333333, 2717.6666666666665], "get_parallel": [38.68333333333333, 61.673333333333325, 126.74000000000001, 246.20333333333335, 437.09666666666664], "remove": [505.3333333333333, 888.3333333333334, 1757.3333333333333, 3192.0, 5309.333333333333]}}, "hm": {"ptr": {"insert": [], "insert_many": [], "insert_many_par": [], "get": [], "get_parallel": [], "remove": []}, "str": {"insert": [], "insert_many": [], "insert_many_par": [], "get": [], "get_parallel": [], "remove": []}}, "btm": {"ptr": {"insert": [], "insert_many": [], "insert_many_par": [], "get": [], "get_parallel": [], "remove": []}, "str": {"insert": [], "insert_many": [], "insert_many_par": [], "get": [], "get_parallel": [], "remove": []}}, "oc": {"ptr": {"insert": [], "insert_many": [], "insert_many_par": [], "get": [], "get_parallel": [], "remove": []}, "str": {"insert": [], "insert_many": [], "insert_many_par": [], "get": [], "get_parallel": [], "remove": []}}}