{"cm": {"ptr": {"insert": [526.3333333333334, 606.3333333333334, 798.6666666666666, 1112.6666666666667, 2478.6666666666665], "insert_many": [108.33333333333333, 129.66666666666666, 141.33333333333334, 178.33333333333334, 258.0], "insert_many_par": [45.0, 46.333333333333336, 49.0, 77.0, 1000.0], "get": [8.0, 17.0, 28.666666666666668, 51.333333333333336, 174.0], "get_parallel": [2.236666666666667, 4.68, 7.853333333333334, 13.913333333333334, 50.803333333333335], "remove": [266.3333333333333, 359.0, 582.0, 976.3333333333334, 2925.3333333333335]}, "str": {"insert": [2963.0, 3121.6666666666665, 7768.0, 14667.666666666666, 18289.666666666668], "insert_many": [516.6666666666666, 602.0, 1635.0, 3268.0, 3471.6666666666665], "insert_many_par": [124.33333333333333, 163.66666666666666, 253.33333333333334, 385.3333333333333, 1364.6666666666667], "get": [87.33333333333333, 131.33333333333334, 215.0, 850.0, 1714.0], "get_parallel": [22.48, 35.60666666666667, 58.56, 226.5, 455.0933333333334], "remove": [3028.3333333333335, 3226.3333333333335, 8075.333333333333, 15140.666666666666, 19432.0]}}, "cow": {"ptr": {"insert": [], "insert_many": [], "insert_many_par": [], "get": [], "get_parallel": [], "remove": []}, "str": {"insert": [], "insert_many": [], "insert_many_par": [], "get": [], "get_parallel": [], "remove": []}}, "hm": {"ptr": {"insert": [], "insert_many": [], "insert_many_par": [], "get": [], "get_parallel": [], "remove": []}, "str": {"insert": [], "insert_many": [], "insert_many_par": [], "get": [], "get_parallel": [], "remove": []}}, "btm": {"ptr": {"insert": [], "insert_many": [], "insert_many_par": [], "get": [], "get_parallel": [], "remove": []}, "str": {"insert": [], "insert_many": [], "insert_many_par": [], "get": [], "get_parallel": [], "remove": []}}, "oc": {"ptr": {"insert": [], "insert_many": [], "insert_many_par": [], "get": [], "get_parallel": [], "remove": []}, "str": {"insert": [], "insert_many": [], "insert_many_par": [], "get": [], "get_parallel": [], "remove": []}}}