{"cm": {"ptr": {"insert": [640.6666666666666, 680.6666666666666, 873.3333333333334, 1080.6666666666667, 2073.3333333333335], "insert_many": [98.33333333333333, 121.33333333333333, 129.66666666666666, 160.33333333333334, 233.33333333333334], "insert_many_par": [54.0, 47.333333333333336, 48.333333333333336, 73.33333333333333, 1002.0], "get": [8.0, 17.0, 28.666666666666668, 48.666666666666664, 165.33333333333334], "get_parallel": [2.2433333333333336, 4.733333333333333, 7.986666666666667, 13.813333333333333, 49.413333333333334], "remove": [238.66666666666666, 297.0, 488.3333333333333, 807.6666666666666, 2124.0]}, "str": {"insert": [2954.0, 3166.0, 7475.666666666667, 14060.0, 17043.666666666668], "insert_many": [516.3333333333334, 599.6666666666666, 1604.3333333333333, 3201.6666666666665, 3400.3333333333335], "insert_many_par": [139.0, 177.66666666666666, 266.3333333333333, 384.0, 1372.0], "get": [83.33333333333333, 126.0, 208.66666666666666, 834.0, 1661.6666666666667], "get_parallel": [22.516666666666666, 36.07333333333333, 58.93, 227.92, 451.21999999999997], "remove": [3043.6666666666665, 3315.3333333333335, 7640.333333333333, 14472.333333333334, 17856.0]}}, "cow": {"ptr": {"insert": [116.33333333333333, 147.0, 225.0, 325.0, 1127.3333333333333], "insert_many": [104.66666666666667, 167.66666666666666, 252.66666666666666, 348.0, 1105.3333333333333], "insert_many_par": [62.333333333333336, 82.66666666666667, 91.0, 121.0, 377.6666666666667], "get": [8.0, 16.666666666666668, 30.333333333333332, 49.333333333333336, 171.0], "get_parallel": [2.25, 4.566666666666666, 8.14, 13.60666666666667, 50.63], "remove": [108.33333333333333, 136.33333333333334, 213.33333333333334, 343.6666666666667, 1064.0]}, "str": {"insert": [183.33333333333334, 274.6666666666667, 497.3333333333333, 1623.0, 2695.0], "insert_many": [172.66666666666666, 285.3333333333333, 461.3333333333333, 1441.6666666666667, 2651.6666666666665], "insert_many_par": [153.33333333333334, 248.66666666666666, 342.0, 645.0, 1058.6666666666667], "get": [83.0, 125.0, 209.66666666666666, 824.6666666666666, 1664.0], "get_parallel": [22.49666666666667, 36.053333333333335, 58.923333333333325, 224.42666666666665, 453.46666666666664], "remove": [203.66666666666666, 291.0, 636.3333333333334, 1534.6666666666667, 2607.3333333333335]}}, "hm": {"ptr": {"insert": [20.333333333333332, 20.666666666666668, 37.0, 27.333333333333332, 57.333333333333336], "insert_many": [44.333333333333336, 30.666666666666668, 27.666666666666668, 39.0, 38.0], "insert_many_par": [59.333333333333336, 32.666666666666664, 29.333333333333332, 45.0, 43.666666666666664], "get": [7.0, 8.0, 10.0, 28.666666666666668, 55.0], "get_parallel": [1.8266666666666669, 2.0733333333333333, 2.513333333333333, 6.933333333333334, 13.839999999999998], "remove": [21.666666666666668, 25.333333333333332, 25.666666666666668, 40.0, 58.666666666666664]}, "str": {"insert": [50.0, 54.0, 74.0, 142.33333333333334, 175.33333333333334], "insert_many": [140.0, 122.66666666666667, 142.0, 389.0, 356.6666666666667], "insert_many_par": [162.66666666666666, 124.0, 133.66666666666666, 381.3333333333333, 354.6666666666667], "get": [38.333333333333336, 39.333333333333336, 48.333333333333336, 105.66666666666667, 151.66666666666666], "get_parallel": [10.666666666666666, 10.659999999999998, 13.31, 31.47333333333333, 43.91], "remove": [63.0, 79.0, 152.66666666666666, 207.33333333333334, 295.3333333333333]}}, "btm": {"ptr": {"insert": [56.333333333333336, 68.33333333333333, 89.0, 150.33333333333334, 401.6666666666667], "insert_many": [52.333333333333336, 61.666666666666664, 80.33333333333333, 113.0, 310.3333333333333], "insert_many_par": [63.333333333333336, 54.0, 59.0, 74.0, 130.66666666666666], "get": [26.0, 52.0, 71.33333333333333, 140.33333333333334, 371.6666666666667], "get_parallel": [5.136666666666667, 14.06, 19.82, 37.6, 100.0], "remove": [76.33333333333333, 76.0, 95.33333333333333, 186.33333333333334, 433.6666666666667]}, "str": {"insert": [91.0, 134.0, 214.33333333333334, 764.6666666666666, 1230.6666666666667], "insert_many": [86.0, 117.66666666666667, 201.66666666666666, 576.0, 1019.3333333333334], "insert_many_par": [96.33333333333333, 104.33333333333333, 155.0, 312.3333333333333, 491.0], "get": [61.0, 104.66666666666667, 168.66666666666666, 580.3333333333334, 1026.3333333333333], "get_parallel": [16.706666666666667, 29.706666666666667, 47.85, 165.95666666666668, 292.55333333333334], "remove": [104.33333333333333, 141.66666666666666, 262.3333333333333, 720.0, 1164.6666666666667]}}, "oc": {"ptr": {"insert": [118.17633333333333, 266.695, 433.81333333333333, 1009.1233333333333, 1576.28], "insert_many": [83.04916666666666, 159.08066666666664, 142.93133333333333, 164.92466666666667, 194.29600000000002], "insert_many_par": [0.0, 0.0, 0.0, 0.0, 0.0], "get": [52.81716666666666, 86.88216666666666, 128.865, 347.934, 686.261], "get_parallel": [0.0, 0.0, 0.0, 0.0, 0.0], "remove": [106.73200000000001, 172.909, 376.20966666666664, 1022.46, 1641.2]}, "str": {"insert": [153.38233333333335, 278.87033333333335, 653.3963333333334, 1538.83, 2376.986666666666], "insert_many": [108.32133333333333, 215.77666666666667, 183.557, 214.298, 346.77233333333334], "insert_many_par": [0.0, 0.0, 0.0, 0.0, 0.0], "get": [80.57190000000001, 141.73766666666668, 215.71066666666664, 749.6006666666667, 1399.5733333333335], "get_parallel": [0.0, 0.0, 0.0, 0.0, 0.0], "remove": [125.80533333333334, 217.62833333333333, 523.2276666666667, 1372.55, 2279.2566666666667]}}}