{"cm": {"ptr": {"insert": [936.6666666666666, 1120.3333333333333, 1096.0, 1062.3333333333333, 2112.0], "insert_many": [185.33333333333334, 243.33333333333334, 140.0, 159.66666666666666, 232.33333333333334], "insert_many_par": [183.66666666666666, 142.33333333333334, 148.33333333333334, 84.33333333333333, 526.0], "get": [17.0, 25.333333333333332, 28.0, 46.0, 177.66666666666666], "get_parallel": [2.3033333333333332, 3.9166666666666665, 6.346666666666667, 12.266666666666666, 43.39333333333334], "remove": [446.3333333333333, 659.0, 910.6666666666666, 779.6666666666666, 2448.0]}, "str": {"insert": [7327.666666666667, 7118.333333333333, 7679.0, 14565.333333333334, 17951.666666666668], "insert_many": [1180.6666666666667, 773.0, 1647.0, 3255.0, 3487.0], "insert_many_par": [482.6666666666667, 678.3333333333334, 472.0, 623.0, 1084.0], "get": [85.0, 148.33333333333334, 210.33333333333334, 868.6666666666666, 1752.0], "get_parallel": [14.92, 22.853333333333335, 45.26, 163.56, 309.81], "remove": [7345.666666666667, 8301.333333333334, 7869.0, 14944.0, 19027.333333333332]}}, "cow": {"ptr": {"insert": [156.66666666666666, 188.66666666666666, 213.33333333333334, 328.3333333333333, 1150.6666666666667], "insert_many": [165.33333333333334, 221.33333333333334, 246.33333333333334, 347.3333333333333, 1095.0], "insert_many_par": [171.66666666666666, 126.0, 177.66666666666666, 111.66666666666667, 287.3333333333333], "get": [13.666666666666666, 20.0, 28.333333333333332, 48.666666666666664, 186.0], "get_parallel": [2.31, 3.8866666666666667, 6.373333333333332, 11.586666666666666, 44.54666666666666], "remove": [158.66666666666666, 181.33333333333334, 271.6666666666667, 345.6666666666667, 1067.0]}, "str": {"insert": [360.6666666666667, 487.3333333333333, 527.6666666666666, 1622.0, 2745.3333333333335], "insert_many": [299.0, 532.3333333333334, 482.0, 1427.3333333333333, 2668.3333333333335], "insert_many_par": [470.6666666666667, 795.3333333333334, 494.6666666666667, 748.6666666666666, 1034.3333333333333], "get": [90.0, 141.0, 212.0, 870.6666666666666, 1745.0], "get_parallel": [14.930000000000001, 22.906666666666666, 45.416666666666664, 164.20333333333335, 313.24333333333334], "remove": [346.0, 543.3333333333334, 683.3333333333334, 1527.3333333333333, 2618.0]}}, "hm": {"ptr": {"insert": [30.0, 33.333333333333336, 42.0, 25.0, 54.0], "insert_many": [84.33333333333333, 64.66666666666667, 49.666666666666664, 37.666666666666664, 38.0], "insert_many_par": [173.0, 74.33333333333333, 51.0, 40.0, 42.333333333333336], "get": [8.666666666666666, 6.0, 15.333333333333334, 21.666666666666668, 45.0], "get_parallel": [2.0466666666666664, 2.1266666666666665, 2.49, 5.81, 10.07], "remove": [34.666666666666664, 39.333333333333336, 45.333333333333336, 37.0, 55.0]}, "str": {"insert": [76.0, 95.66666666666667, 72.0, 159.0, 181.33333333333334], "insert_many": [220.66666666666666, 230.33333333333334, 133.33333333333334, 427.3333333333333, 355.3333333333333], "insert_many_par": [313.6666666666667, 258.6666666666667, 137.33333333333334, 406.6666666666667, 384.0], "get": [60.333333333333336, 52.0, 50.0, 120.66666666666667, 155.0], "get_parallel": [8.123333333333333, 8.133333333333333, 11.656666666666666, 29.106666666666666, 35.60333333333333], "remove": [151.33333333333334, 215.0, 147.33333333333334, 217.33333333333334, 267.3333333333333]}}, "btm": {"ptr": {"insert": [74.33333333333333, 103.0, 139.33333333333334, 148.0, 404.0], "insert_many": [78.66666666666667, 95.33333333333333, 104.66666666666667, 113.0, 307.0], "insert_many_par": [166.66666666666666, 99.66666666666667, 102.66666666666667, 68.66666666666667, 109.0], "get": [26.333333333333332, 66.33333333333333, 70.66666666666667, 145.66666666666666, 386.3333333333333], "get_parallel": [5.8933333333333335, 8.933333333333334, 12.816666666666668, 26.98, 63.71666666666666], "remove": [97.66666666666667, 117.0, 161.33333333333334, 184.33333333333334, 440.0]}, "str": {"insert": [152.33333333333334, 202.0, 214.66666666666666, 798.6666666666666, 1255.3333333333333], "insert_many": [140.33333333333334, 178.33333333333334, 205.33333333333334, 582.3333333333334, 1046.0], "insert_many_par": [240.0, 177.0, 149.66666666666666, 292.6666666666667, 402.0], "get": [84.0, 121.33333333333333, 171.0, 599.0, 1054.0], "get_parallel": [11.51, 20.18, 38.14333333333333, 129.24333333333334, 222.01], "remove": [265.3333333333333, 284.0, 264.6666666666667, 745.0, 1186.0]}}, "oc": {"ptr": {"insert": [209.17266666666663, 512.1550000000001, 429.163, 1002.7583333333333, 1557.9033333333334], "insert_many": [171.26433333333338, 220.553, 144.46433333333334, 164.57999999999998, 193.24366666666666], "insert_many_par": [0.0, 0.0, 0.0, 0.0, 0.0], "get": [61.71353333333334, 86.33343333333335, 128.60166666666666, 346.7646666666667, 684.7233333333334], "get_parallel": [0.0, 0.0, 0.0, 0.0, 0.0], "remove": [102.83800000000001, 177.37533333333332, 373.12833333333333, 1018.0466666666666, 1621.0766666666666]}, "str": {"insert": [283.877, 277.972, 654.837, 1539.5166666666667, 2359.1866666666665], "insert_many": [232.29899999999998, 217.95433333333335, 185.41266666666664, 206.19466666666668, 347.83566666666667], "insert_many_par": [0.0, 0.0, 0.0, 0.0, 0.0], "get": [85.0861, 139.00066666666666, 213.97866666666667, 747.5166666666668, 1381.7033333333331], "get_parallel": [0.0, 0.0, 0.0, 0.0, 0.0], "remove": [122.94433333333335, 216.746, 519.8976666666667, 1367.2300000000002, 2266.6733333333336]}}}