{"cm": {"ptr": {"insert": [823.6666666666666, 1109.3333333333333, 1027.0, 1127.0, 2133.6666666666665], "insert_many": [161.66666666666666, 242.66666666666666, 128.0, 163.66666666666666, 237.33333333333334], "insert_many_par": [169.0, 146.0, 147.66666666666666, 85.0, 509.0], "get": [11.333333333333334, 26.0, 29.666666666666668, 48.666666666666664, 168.0], "get_parallel": [2.3666666666666667, 4.04, 6.403333333333333, 12.006666666666668, 43.82333333333333], "remove": [372.3333333333333, 655.0, 721.3333333333334, 823.3333333333334, 2509.6666666666665]}, "str": {"insert": [7355.333333333333, 8479.0, 7630.0, 14761.0, 17793.333333333332], "insert_many": [1172.6666666666667, 834.3333333333334, 1645.6666666666667, 3291.6666666666665, 3449.0], "insert_many_par": [485.0, 689.3333333333334, 457.6666666666667, 635.6666666666666, 1069.6666666666667], "get": [92.0, 149.0, 211.0, 850.0, 1687.6666666666667], "get_parallel": [15.256666666666666, 22.826666666666668, 44.84, 163.63, 311.41333333333336], "remove": [7403.666666666667, 8537.666666666666, 7821.333333333333, 15087.0, 18946.333333333332]}}, "cow": {"ptr": {"insert": [159.33333333333334, 192.33333333333334, 282.3333333333333, 332.0, 1162.6666666666667], "insert_many": [162.66666666666666, 223.0, 246.66666666666666, 350.0, 1106.3333333333333], "insert_many_par": [188.66666666666666, 121.33333333333333, 131.66666666666666, 111.66666666666667, 289.6666666666667], "get": [14.666666666666666, 20.333333333333332, 29.333333333333332, 48.666666666666664, 182.0], "get_parallel": [2.3633333333333333, 4.04, 6.173333333333333, 11.156666666666666, 45.153333333333336], "remove": [161.33333333333334, 185.66666666666666, 276.3333333333333, 349.3333333333333, 1069.0]}, "str": {"insert": [300.3333333333333, 412.3333333333333, 527.3333333333334, 1641.3333333333333, 2729.3333333333335], "insert_many": [306.0, 456.0, 485.0, 1454.6666666666667, 2671.6666666666665], "insert_many_par": [490.6666666666667, 668.6666666666666, 493.3333333333333, 746.0, 1032.6666666666667], "get": [90.33333333333333, 147.66666666666666, 211.0, 856.3333333333334, 1711.0], "get_parallel": [14.913333333333334, 22.636666666666667, 44.343333333333334, 164.99, 314.08], "remove": [349.0, 456.6666666666667, 681.6666666666666, 1548.0, 2630.0]}}, "hm": {"ptr": {"insert": [27.0, 32.666666666666664, 42.333333333333336, 23.666666666666668, 54.666666666666664], "insert_many": [70.33333333333333, 66.0, 49.333333333333336, 38.666666666666664, 38.0], "insert_many_par": [168.66666666666666, 75.0, 51.333333333333336, 40.0, 43.0], "get": [8.0, 8.0, 20.333333333333332, 30.666666666666668, 60.666666666666664], "get_parallel": [2.3433333333333333, 2.6299999999999994, 3.0133333333333336, 6.3999999999999995, 11.31], "remove": [31.333333333333332, 42.0, 47.666666666666664, 40.0, 59.0]}, "str": {"insert": [99.33333333333333, 106.33333333333333, 74.0, 158.0, 178.66666666666666], "insert_many": [257.6666666666667, 230.33333333333334, 136.33333333333334, 423.0, 358.3333333333333], "insert_many_par": [377.0, 261.0, 139.33333333333334, 394.0, 326.6666666666667], "get": [52.333333333333336, 39.666666666666664, 49.0, 104.0, 164.66666666666666], "get_parallel": [7.576666666666665, 8.173333333333332, 11.433333333333332, 28.406666666666666, 36.75666666666667], "remove": [189.66666666666666, 219.0, 145.33333333333334, 205.33333333333334, 276.0]}}, "btm": {"ptr": {"insert": [74.33333333333333, 103.33333333333333, 122.0, 149.33333333333334, 402.6666666666667], "insert_many": [80.66666666666667, 95.0, 110.0, 113.66666666666667, 306.0], "insert_many_par": [172.66666666666666, 99.0, 88.66666666666667, 69.33333333333333, 108.33333333333333], "get": [24.666666666666668, 61.333333333333336, 70.66666666666667, 144.33333333333334, 399.0], "get_parallel": [5.716666666666666, 8.886666666666665, 12.74, 27.496666666666666, 63.843333333333334], "remove": [100.0, 117.33333333333333, 141.33333333333334, 187.0, 444.0]}, "str": {"insert": [136.0, 224.33333333333334, 213.33333333333334, 806.3333333333334, 1257.6666666666667], "insert_many": [128.0, 208.0, 204.66666666666666, 588.0, 1053.6666666666667], "insert_many_par": [217.66666666666666, 206.33333333333334, 150.0, 297.3333333333333, 405.3333333333333], "get": [80.33333333333333, 121.66666666666667, 172.66666666666666, 602.6666666666666, 1029.6666666666667], "get_parallel": [11.706666666666665, 20.206666666666667, 38.276666666666664, 127.34999999999998, 220.06000000000003], "remove": [237.0, 349.0, 272.6666666666667, 734.3333333333334, 1201.3333333333333]}}, "oc": {"ptr": {"insert": [215.133, 515.588, 435.2316666666666, 1015.29, 1568.6233333333332], "insert_many": [171.1846666666667, 281.151, 144.39666666666668, 165.00366666666665, 195.01066666666668], "insert_many_par": [0.0, 0.0, 0.0, 0.0, 0.0], "get": [63.096066666666665, 87.83183333333334, 129.27599999999998, 350.3996666666667, 690.7836666666666], "get_parallel": [0.0, 0.0, 0.0, 0.0, 0.0], "remove": [105.858, 180.02966666666666, 377.377, 1028.7333333333333, 1652.24]}, "str": {"insert": [283.55899999999997, 277.3523333333333, 665.5663333333333, 1537.2433333333336, 2357.9733333333334], "insert_many": [231.266, 215.43499999999997, 186.59266666666667, 206.46966666666665, 347.45133333333337], "insert_many_par": [0.0, 0.0, 0.0, 0.0, 0.0], "get": [85.44343333333335, 139.45133333333334, 216.36733333333333, 750.6253333333334, 1374.55], "get_parallel": [0.0, 0.0, 0.0, 0.0, 0.0], "remove": [123.26233333333333, 215.23633333333336, 531.6736666666667, 1364.2966666666669, 2271.06]}}}