{"cm": {"ptr": {"insert": [1805.6666666666667, 2194.6666666666665, 3182.0, 4675.666666666667, 7563.333333333333], "insert_many": [470.0, 599.6666666666666, 653.3333333333334, 757.0, 914.6666666666666], "insert_many_par": [626.0, 373.0, 379.0, 448.3333333333333, 1710.6666666666667], "get": [84.0, 133.66666666666666, 232.0, 404.6666666666667, 805.3333333333334], "get_parallel": [11.699999999999998, 21.463333333333335, 36.39, 65.47, 127.16333333333334], "remove": [1726.0, 2096.0, 3092.0, 4745.333333333333, 10201.666666666666]}, "str": {"insert": [23851.0, 24747.666666666668, 39162.0, 50812.0, 74889.0], "insert_many": [3434.0, 3894.0, 7303.0, 9434.333333333334, 12423.0], "insert_many_par": [1021.0, 1128.3333333333333, 1650.3333333333333, 1997.0, 3699.3333333333335], "get": [240.66666666666666, 391.6666666666667, 783.6666666666666, 1534.6666666666667, 2662.3333333333335], "get_parallel": [39.49, 61.85666666666666, 127.17999999999999, 247.20000000000002, 431.35999999999996], "remove": [23972.333333333332, 24469.0, 39856.333333333336, 52329.666666666664, 82125.66666666667]}}, "cow": {"ptr": {"insert": [302.3333333333333, 439.3333333333333, 770.3333333333334, 1413.0, 2624.6666666666665], "insert_many": [282.0, 478.6666666666667, 825.0, 1414.3333333333333, 2798.3333333333335], "insert_many_par": [526.6666666666666, 427.0, 457.3333333333333, 591.6666666666666, 946.0], "get": [86.66666666666667, 140.0, 241.0, 414.0, 847.3333333333334], "get_parallel": [11.126666666666667, 21.063333333333333, 36.07666666666666, 63.81, 131.55333333333337], "remove": [281.6666666666667, 435.0, 770.0, 1459.3333333333333, 2608.6666666666665]}, "str": {"insert": [563.3333333333334, 877.0, 1808.0, 3238.0, 5505.0], "insert_many": [463.6666666666667, 902.3333333333334, 1776.6666666666667, 3231.0, 5666.666666666667], "insert_many_par": [972.6666666666666, 1288.0, 1829.3333333333333, 2324.3333333333335, 3200.3333333333335], "get": [240.33333333333334, 394.3333333333333, 777.0, 1550.3333333333333, 2759.3333333333335], "get_parallel": [39.583333333333336, 61.843333333333334, 127.89, 250.21, 439.7833333333333], "remove": [496.3333333333333, 843.0, 1738.6666666666667, 3134.6666666666665, 5227.0]}}, "hm": {"ptr": {"insert": [41.333333333333336, 46.0, 63.333333333333336, 66.66666666666667, 155.0], "insert_many": [144.0, 116.0, 108.0, 160.66666666666666, 200.66666666666666], "insert_many_par": [330.0, 133.33333333333334, 114.0, 169.0, 210.0], "get": [31.0, 35.0, 46.333333333333336, 95.0, 145.33333333333334], "get_parallel": [7.52, 7.946666666666666, 10.72, 22.08, 31.98333333333333], "remove": [43.0, 45.0, 63.666666666666664, 104.66666666666667, 198.33333333333334]}, "str": {"insert": [129.66666666666666, 145.33333333333334, 212.33333333333334, 321.3333333333333, 445.0], "insert_many": [384.3333333333333, 350.0, 474.3333333333333, 786.6666666666666, 865.0], "insert_many_par": [592.3333333333334, 394.0, 509.0, 805.0, 890.6666666666666], "get": [114.33333333333333, 130.33333333333334, 220.66666666666666, 285.0, 380.6666666666667], "get_parallel": [22.28, 24.066666666666663, 35.830000000000005, 44.050000000000004, 54.78333333333333], "remove": [201.33333333333334, 192.66666666666666, 375.3333333333333, 549.3333333333334, 705.3333333333334]}}, "btm": {"ptr": {"insert": [133.66666666666666, 176.66666666666666, 257.0, 477.3333333333333, 735.0], "insert_many": [138.66666666666666, 165.33333333333334, 233.66666666666666, 377.6666666666667, 631.3333333333334], "insert_many_par": [275.6666666666667, 161.66666666666666, 171.66666666666666, 226.33333333333334, 288.6666666666667], "get": [81.0, 138.0, 211.0, 406.3333333333333, 661.3333333333334], "get_parallel": [13.11, 23.703333333333333, 34.669999999999995, 67.02333333333333, 101.89999999999999], "remove": [203.0, 217.0, 282.6666666666667, 535.6666666666666, 782.0]}, "str": {"insert": [272.3333333333333, 429.0, 828.6666666666666, 1514.3333333333333, 2404.0], "insert_many": [264.6666666666667, 386.3333333333333, 698.0, 1308.3333333333333, 2107.6666666666665], "insert_many_par": [416.0, 357.3333333333333, 544.0, 755.6666666666666, 1010.0], "get": [188.0, 331.6666666666667, 653.0, 1269.6666666666667, 2105.0], "get_parallel": [35.60666666666666, 60.92333333333334, 124.32333333333334, 238.99666666666667, 380.00666666666666], "remove": [297.3333333333333, 407.6666666666667, 839.0, 1489.6666666666667, 2399.0]}}, "oc": {"ptr": {"insert": [378.2906666666667, 990.7156666666666, 1670.28, 3104.633333333333, 4971.01], "insert_many": [304.3813333333333, 720.8186666666667, 629.003, 776.0589999999999, 1059.54], "insert_many_par": [0.0, 0.0, 0.0, 0.0, 0.0], "get": [179.89033333333336, 276.5543333333333, 443.67833333333334, 814.9166666666666, 1233.19], "get_parallel": [0.0, 0.0, 0.0, 0.0, 0.0], "remove": [340.2233333333333, 618.7040000000001, 1541.12, 2975.023333333333, 4687.443333333334]}, "str": {"insert": [512.1233333333333, 1207.33, 2389.646666666667, 4589.92, 7315.713333333333], "insert_many": [424.06733333333335, 845.5993333333334, 835.8326666666667, 1031.8933333333334, 1251.9466666666665], "insert_many_par": [0.0, 0.0, 0.0, 0.0, 0.0], "get": [306.37166666666667, 507.657, 870.7186666666666, 1775.2866666666666, 2735.9466666666667], "get_parallel": [0.0, 0.0, 0.0, 0.0, 0.0], "remove": [427.723, 844.677, 2121.7566666666667, 4032.5, 6417.763333333333]}}}