{"cm": {"ptr": {"insert": [597.3333333333334, 708.0, 849.6666666666666, 1072.0, 1847.3333333333333], "insert_many": [92.0, 106.66666666666667, 112.0, 162.66666666666666, 260.0], "insert_many_par": [42.0, 41.666666666666664, 45.0, 75.33333333333333, 996.6666666666666], "get": [8.0, 17.0, 29.333333333333332, 53.333333333333336, 182.0], "get_parallel": [2.17, 4.716666666666667, 8.09, 14.89, 53.656666666666666], "remove": [208.66666666666666, 303.3333333333333, 458.0, 719.6666666666666, 1585.3333333333333]}, "str": {"insert": [2777.0, 2971.0, 7451.666666666667, 14035.333333333334, 17114.333333333332], "insert_many": [476.0, 548.0, 1280.6666666666667, 3108.3333333333335, 3507.6666666666665], "insert_many_par": [121.66666666666667, 170.66666666666666, 240.33333333333334, 378.3333333333333, 1379.6666666666667], "get": [87.33333333333333, 131.66666666666666, 212.66666666666666, 846.6666666666666, 1732.3333333333333], "get_parallel": [22.51, 36.0, 57.553333333333335, 224.46333333333334, 460.1366666666666], "remove": [2875.0, 3119.6666666666665, 7666.333333333333, 14394.333333333334, 17437.0]}}, "cow": {"ptr": {"insert": [], "insert_many": [], "insert_many_par": [], "get": [], "get_parallel": [], "remove": []}, "str": {"insert": [], "insert_many": [], "insert_many_par": [], "get": [], "get_parallel": [], "remove": []}}, "hm": {"ptr": {"insert": [], "insert_many": [], "insert_many_par": [], "get": [], "get_parallel": [], "remove": []}, "str": {"insert": [], "insert_many": [], "insert_many_par": [], "get": [], "get_parallel": [], "remove": []}}, "btm": {"ptr": {"insert": [], "insert_many": [], "insert_many_par": [], "get": [], "get_parallel": [], "remove": []}, "str": {"insert": [], "insert_many": [], "insert_many_par": [], "get": [], "get_parallel": [], "remove": []}}, "oc": {"ptr": {"insert": [], "insert_many": [], "insert_many_par": [], "get": [], "get_parallel": [], "remove": []}, "str": {"insert": [], "insert_many": [], "insert_many_par": [], "get": [], "get_parallel": [], "remove": []}}}