{"cm": {"ptr": {"insert": [354.6666666666667, 641.3333333333334, 1026.0, 1808.0, 378.3333333333333], "insert_many": [393.3333333333333, 497.3333333333333, 631.6666666666666, 1137.3333333333333, 2229.3333333333335], "insert_many_par": [309.6666666666667, 298.6666666666667, 344.6666666666667, 552.3333333333334, 5447.333333333333], "get": [28.0, 55.666666666666664, 88.66666666666667, 176.33333333333334, 458.6666666666667], "get_parallel": [3.6133333333333333, 7.13, 11.75, 24.106666666666666, 60.550000000000004], "remove": [375.6666666666667, 640.0, 1056.0, 1865.0, 460.3333333333333]}, "str": {"insert": [1517.6666666666667, 2370.0, 4882.666666666667, 8386.333333333334, 1335.0], "insert_many": [1386.0, 2274.3333333333335, 4456.666666666667, 8085.666666666667, 10971.333333333334], "insert_many_par": [645.6666666666666, 803.6666666666666, 1320.0, 2048.3333333333335, 12559.666666666666], "get": [99.33333333333333, 163.33333333333334, 390.0, 992.6666666666666, 1797.3333333333333], "get_parallel": [12.603333333333333, 21.116666666666667, 52.31666666666666, 125.38, 217.94333333333336], "remove": [1532.0, 2431.0, 5119.666666666667, 8424.333333333334, 1492.3333333333333]}}, "hm": {"ptr": {"insert": [15.666666666666666, 16.0, 28.0, 28.666666666666668, 6.0], "insert_many": [53.333333333333336, 43.333333333333336, 39.0, 58.0, 70.66666666666667], "insert_many_par": [94.33333333333333, 55.666666666666664, 53.333333333333336, 69.33333333333333, 83.66666666666667], "get": [12.0, 12.0, 19.333333333333332, 57.0, 87.0], "get_parallel": [2.07, 1.7466666666666668, 2.783333333333333, 7.566666666666667, 11.07], "remove": [17.666666666666668, 19.333333333333332, 29.0, 59.333333333333336, 9.0]}, "str": {"insert": [50.0, 48.333333333333336, 96.66666666666667, 189.0, 25.333333333333332], "insert_many": [148.0, 157.66666666666666, 275.3333333333333, 526.3333333333334, 569.0], "insert_many_par": [215.66666666666666, 194.33333333333334, 318.0, 588.0, 624.3333333333334], "get": [40.333333333333336, 59.666666666666664, 149.33333333333334, 185.0, 231.66666666666666], "get_parallel": [5.123333333333334, 7.763333333333333, 17.153333333333332, 26.096666666666664, 31.58666666666667], "remove": [95.66666666666667, 102.33333333333333, 265.0, 382.6666666666667, 48.0]}}, "btm": {"ptr": {"insert": [56.333333333333336, 68.0, 104.66666666666667, 247.0, 43.0], "insert_many": [55.333333333333336, 66.0, 91.0, 160.66666666666666, 380.3333333333333], "insert_many_par": [101.66666666666667, 72.66666666666667, 83.66666666666667, 126.33333333333333, 165.66666666666666], "get": [27.0, 53.0, 86.66666666666667, 178.66666666666666, 414.6666666666667], "get_parallel": [3.4800000000000004, 6.8066666666666675, 11.503333333333332, 22.900000000000002, 51.74666666666667], "remove": [68.33333333333333, 69.33333333333333, 106.66666666666667, 277.6666666666667, 49.0]}, "str": {"insert": [112.66666666666667, 168.66666666666666, 376.3333333333333, 853.3333333333334, 150.66666666666666], "insert_many": [102.33333333333333, 153.0, 322.0, 706.6666666666666, 1297.3333333333333], "insert_many_par": [157.0, 178.66666666666666, 283.0, 436.6666666666667, 568.6666666666666], "get": [68.66666666666667, 119.0, 297.0, 663.6666666666666, 1256.3333333333333], "get_parallel": [8.846666666666666, 15.376666666666665, 38.19, 84.69333333333333, 153.96666666666667], "remove": [167.66666666666666, 197.0, 466.6666666666667, 893.3333333333334, 155.0]}}, "oc": {"ptr": {"insert": [132.48133333333334, 339.651, 718.3853333333333, 1651.0666666666666, 2621.066666666666], "insert_many": [101.56633333333333, 243.6163333333333, 229.0103333333333, 307.51433333333335, 455.8346666666667], "insert_many_par": [0.0, 0.0, 0.0, 0.0, 0.0], "get": [64.92233333333333, 94.18536666666667, 171.73000000000002, 378.12166666666667, 605.8106666666666], "get_parallel": [0.0, 0.0, 0.0, 0.0, 0.0], "remove": [122.38799999999999, 223.81933333333333, 721.697, 1656.6333333333332, 2550.806666666667]}, "str": {"insert": [175.55533333333335, 445.9536666666667, 1239.0100000000002, 2570.57, 3826.44], "insert_many": [139.95166666666665, 311.605, 336.2056666666667, 406.507, 489.442], "insert_many_par": [0.0, 0.0, 0.0, 0.0, 0.0], "get": [105.54733333333333, 159.94633333333334, 337.3833333333334, 833.3103333333332, 1341.3600000000001], "get_parallel": [0.0, 0.0, 0.0, 0.0, 0.0], "remove": [151.0776666666667, 303.022, 1114.6233333333332, 2234.0866666666666, 3303.396666666666]}}}