{"cm": {"ptr": {"insert": [390.3333333333333, 589.6666666666666, 825.3333333333334, 1423.6666666666667, 2553.0], "insert_many": [96.33333333333333, 119.0, 125.33333333333333, 233.0, 411.0], "insert_many_par": [46.666666666666664, 49.0, 51.0, 83.0, 1018.3333333333334], "get": [8.0, 17.0, 29.0, 54.666666666666664, 192.33333333333334], "get_parallel": [2.1833333333333336, 4.52, 7.996666666666667, 15.26, 53.906666666666666], "remove": [209.33333333333334, 425.6666666666667, 661.6666666666666, 1348.6666666666667, 2538.3333333333335]}, "str": {"insert": [2855.3333333333335, 3107.0, 8198.666666666666, 14769.0, 18384.0], "insert_many": [473.0, 559.6666666666666, 1621.0, 3286.0, 3765.3333333333335], "insert_many_par": [127.0, 170.33333333333334, 260.3333333333333, 392.3333333333333, 1388.0], "get": [87.66666666666667, 132.33333333333334, 229.0, 884.6666666666666, 1800.3333333333333], "get_parallel": [22.48, 35.97666666666667, 60.98666666666667, 231.60999999999999, 473.07666666666665], "remove": [3004.6666666666665, 3276.3333333333335, 8132.666666666667, 14551.0, 18296.0]}}, "cow": {"ptr": {"insert": [], "insert_many": [], "insert_many_par": [], "get": [], "get_parallel": [], "remove": []}, "str": {"insert": [], "insert_many": [], "insert_many_par": [], "get": [], "get_parallel": [], "remove": []}}, "hm": {"ptr": {"insert": [], "insert_many": [], "insert_many_par": [], "get": [], "get_parallel": [], "remove": []}, "str": {"insert": [], "insert_many": [], "insert_many_par": [], "get": [], "get_parallel": [], "remove": []}}, "btm": {"ptr": {"insert": [], "insert_many": [], "insert_many_par": [], "get": [], "get_parallel": [], "remove": []}, "str": {"insert": [], "insert_many": [], "insert_many_par": [], "get": [], "get_parallel": [], "remove": []}}, "oc": {"ptr": {"insert": [], "insert_many": [], "insert_many_par": [], "get": [], "get_parallel": [], "remove": []}, "str": {"insert": [], "insert_many": [], "insert_many_par": [], "get": [], "get_parallel": [], "remove": []}}}